zone_id,zone_name,datetime_hour,predicted_demand
11,Bath Beach,2019-02-01 00:00:00,0.03407529259077282
11,Bath Beach,2019-02-01 01:00:00,0.04751262183800797
11,Bath Beach,2019-02-01 02:00:00,0.031590634447329874
11,Bath Beach,2019-02-01 03:00:00,0.03340634149093209
11,Bath Beach,2019-02-01 04:00:00,0.03404601810643627
11,Bath Beach,2019-02-01 05:00:00,0.09827931988950507
11,Bath Beach,2019-02-01 06:00:00,0.8028340423440736
11,Bath Beach,2019-02-01 07:00:00,3.1028054858910976
11,Bath Beach,2019-02-01 08:00:00,1.5546034893610932
11,Bath Beach,2019-02-01 09:00:00,2.3243740523992686
11,Bath Beach,2019-02-01 10:00:00,0.9694157205908438
11,Bath Beach,2019-02-01 11:00:00,0.5245673779338513
11,Bath Beach,2019-02-01 12:00:00,0.7861391375372468
11,Bath Beach,2019-02-01 13:00:00,2.1334206778757334
11,Bath Beach,2019-02-01 14:00:00,2.059721833159122
11,Bath Beach,2019-02-01 15:00:00,1.0478845529827658
11,Bath Beach,2019-02-01 16:00:00,1.3604472514090387
11,Bath Beach,2019-02-01 17:00:00,2.0629888332102073
11,Bath Beach,2019-02-01 18:00:00,0.35066715060647236
11,Bath Beach,2019-02-01 19:00:00,0.34762548282835626
11,Bath Beach,2019-02-01 20:00:00,0.10920335876869931
11,Bath Beach,2019-02-01 21:00:00,0.2571515818260781
11,Bath Beach,2019-02-01 22:00:00,0.06396230768908483
11,Bath Beach,2019-02-01 23:00:00,0.05244880419530297
14,Bay Ridge,2019-02-01 00:00:00,0.5108873839019091
14,Bay Ridge,2019-02-01 01:00:00,0.27074108343988507
14,Bay Ridge,2019-02-01 02:00:00,0.11783209294802635
14,Bay Ridge,2019-02-01 03:00:00,0.26477798523967694
14,Bay Ridge,2019-02-01 04:00:00,0.7829908011337643
14,Bay Ridge,2019-02-01 05:00:00,0.5522476170582935
14,Bay Ridge,2019-02-01 06:00:00,2.4441828384926945
14,Bay Ridge,2019-02-01 07:00:00,3.8226185027367823
14,Bay Ridge,2019-02-01 08:00:00,9.551241560246496
14,Bay Ridge,2019-02-01 09:00:00,6.962663353288255
14,Bay Ridge,2019-02-01 10:00:00,5.662118021499211
14,Bay Ridge,2019-02-01 11:00:00,6.722124164291283
14,Bay Ridge,2019-02-01 12:00:00,7.322297995673891
14,Bay Ridge,2019-02-01 13:00:00,9.639152307538783
14,Bay Ridge,2019-02-01 14:00:00,9.17160780174419
14,Bay Ridge,2019-02-01 15:00:00,7.756981099108194
14,Bay Ridge,2019-02-01 16:00:00,6.905900056758933
14,Bay Ridge,2019-02-01 17:00:00,5.1998359790306345
14,Bay Ridge,2019-02-01 18:00:00,3.7782319071972648
14,Bay Ridge,2019-02-01 19:00:00,2.2164484058127427
14,Bay Ridge,2019-02-01 20:00:00,1.9744660307297786
14,Bay Ridge,2019-02-01 21:00:00,1.8635197841740565
14,Bay Ridge,2019-02-01 22:00:00,0.9465574182430904
14,Bay Ridge,2019-02-01 23:00:00,1.3436545853705466
17,Bedford,2019-02-01 00:00:00,4.104979435154874
17,Bedford,2019-02-01 01:00:00,1.8473389574196386
17,Bedford,2019-02-01 02:00:00,1.5780303920307115
17,Bedford,2019-02-01 03:00:00,0.8016782142134704
17,Bedford,2019-02-01 04:00:00,1.6637680951941807
17,Bedford,2019-02-01 05:00:00,2.4551699880490467
17,Bedford,2019-02-01 06:00:00,2.101291900517298
17,Bedford,2019-02-01 07:00:00,6.649259896054766
17,Bedford,2019-02-01 08:00:00,10.125404990383993
17,Bedford,2019-02-01 09:00:00,12.204264224108673
17,Bedford,2019-02-01 10:00:00,12.563119664455545
17,Bedford,2019-02-01 11:00:00,9.869602099254
17,Bedford,2019-02-01 12:00:00,11.620185613295233
17,Bedford,2019-02-01 13:00:00,7.3470471575025975
17,Bedford,2019-02-01 14:00:00,11.900224958832569
17,Bedford,2019-02-01 15:00:00,10.672370035388534
17,Bedford,2019-02-01 16:00:00,9.208879970232283
17,Bedford,2019-02-01 17:00:00,8.511608898878874
17,Bedford,2019-02-01 18:00:00,12.568542627537447
17,Bedford,2019-02-01 19:00:00,15.612668741134243
17,Bedford,2019-02-01 20:00:00,11.805143747403438
17,Bedford,2019-02-01 21:00:00,12.066509587348193
17,Bedford,2019-02-01 22:00:00,14.715049668789241
17,Bedford,2019-02-01 23:00:00,4.813642951792256
21,Bensonhurst East,2019-02-01 00:00:00,0.06775075183388732
21,Bensonhurst East,2019-02-01 01:00:00,0.21499132996281897
21,Bensonhurst East,2019-02-01 02:00:00,0.06084793277110806
21,Bensonhurst East,2019-02-01 03:00:00,0.06004357314309719
21,Bensonhurst East,2019-02-01 04:00:00,0.06258362936573253
21,Bensonhurst East,2019-02-01 05:00:00,0.2723382502173263
21,Bensonhurst East,2019-02-01 06:00:00,4.976101106497435
21,Bensonhurst East,2019-02-01 07:00:00,5.0052579015293635
21,Bensonhurst East,2019-02-01 08:00:00,3.7700215115176485
21,Bensonhurst East,2019-02-01 09:00:00,2.10732288828405
21,Bensonhurst East,2019-02-01 10:00:00,2.80291226801319
21,Bensonhurst East,2019-02-01 11:00:00,3.053685053556901
21,Bensonhurst East,2019-02-01 12:00:00,2.7996483869470206
21,Bensonhurst East,2019-02-01 13:00:00,3.2560272024734167
21,Bensonhurst East,2019-02-01 14:00:00,3.286036090527756
21,Bensonhurst East,2019-02-01 15:00:00,2.3683767798625825
21,Bensonhurst East,2019-02-01 16:00:00,2.603502068634774
21,Bensonhurst East,2019-02-01 17:00:00,2.4330294495538842
21,Bensonhurst East,2019-02-01 18:00:00,1.9733673733151211
21,Bensonhurst East,2019-02-01 19:00:00,0.8289637836228881
21,Bensonhurst East,2019-02-01 20:00:00,0.21334862751992018
21,Bensonhurst East,2019-02-01 21:00:00,0.7338225704592689
21,Bensonhurst East,2019-02-01 22:00:00,0.4325652775278819
21,Bensonhurst East,2019-02-01 23:00:00,0.7916708680680777
22,Bensonhurst West,2019-02-01 00:00:00,0.0832732732647441
22,Bensonhurst West,2019-02-01 01:00:00,0.07764672538871739
22,Bensonhurst West,2019-02-01 02:00:00,0.22269650781192346
22,Bensonhurst West,2019-02-01 03:00:00,0.07147852482509105
22,Bensonhurst West,2019-02-01 04:00:00,0.07398390904511702
22,Bensonhurst West,2019-02-01 05:00:00,1.1918488682409027
22,Bensonhurst West,2019-02-01 06:00:00,2.623141902321081
22,Bensonhurst West,2019-02-01 07:00:00,3.3671726594311844
22,Bensonhurst West,2019-02-01 08:00:00,3.0532569000102017
22,Bensonhurst West,2019-02-01 09:00:00,3.9897101560771384
22,Bensonhurst West,2019-02-01 10:00:00,4.110736508034727
22,Bensonhurst West,2019-02-01 11:00:00,4.4576990295482934
22,Bensonhurst West,2019-02-01 12:00:00,6.1118784765799585
22,Bensonhurst West,2019-02-01 13:00:00,3.8218486029750203
22,Bensonhurst West,2019-02-01 14:00:00,3.1738708148804067
22,Bensonhurst West,2019-02-01 15:00:00,3.893028111643103
22,Bensonhurst West,2019-02-01 16:00:00,2.2375927801026814
22,Bensonhurst West,2019-02-01 17:00:00,2.6009009458564956
22,Bensonhurst West,2019-02-01 18:00:00,2.1018854335427277
22,Bensonhurst West,2019-02-01 19:00:00,0.8155723329976259
22,Bensonhurst West,2019-02-01 20:00:00,0.7624556930959057
22,Bensonhurst West,2019-02-01 21:00:00,0.2251691766085835
22,Bensonhurst West,2019-02-01 22:00:00,0.2262282990576713
22,Bensonhurst West,2019-02-01 23:00:00,0.5377958271050939
25,Boerum Hill,2019-02-01 00:00:00,18.25745915650053
25,Boerum Hill,2019-02-01 01:00:00,9.17807283328139
25,Boerum Hill,2019-02-01 02:00:00,6.54127733608831
25,Boerum Hill,2019-02-01 03:00:00,4.025749639640402
25,Boerum Hill,2019-02-01 04:00:00,3.4608290151538346
25,Boerum Hill,2019-02-01 05:00:00,4.345487450219036
25,Boerum Hill,2019-02-01 06:00:00,14.272615098975631
25,Boerum Hill,2019-02-01 07:00:00,14.73374269219741
25,Boerum Hill,2019-02-01 08:00:00,20.33118319474684
25,Boerum Hill,2019-02-01 09:00:00,18.956980062866464
25,Boerum Hill,2019-02-01 10:00:00,24.018035573390414
25,Boerum Hill,2019-02-01 11:00:00,25.1493295467785
25,Boerum Hill,2019-02-01 12:00:00,24.882621066550428
25,Boerum Hill,2019-02-01 13:00:00,29.11190030359832
25,Boerum Hill,2019-02-01 14:00:00,36.61421644454637
25,Boerum Hill,2019-02-01 15:00:00,38.52432640074715
25,Boerum Hill,2019-02-01 16:00:00,45.58015841958449
25,Boerum Hill,2019-02-01 17:00:00,43.6099989852615
25,Boerum Hill,2019-02-01 18:00:00,48.0025344430445
25,Boerum Hill,2019-02-01 19:00:00,53.41706734202647
25,Boerum Hill,2019-02-01 20:00:00,43.744020881286374
25,Boerum Hill,2019-02-01 21:00:00,44.45398379259822
25,Boerum Hill,2019-02-01 22:00:00,44.1037465905906
25,Boerum Hill,2019-02-01 23:00:00,37.82148470485463
26,Borough Park,2019-02-01 00:00:00,0.13919593787294993
26,Borough Park,2019-02-01 01:00:00,0.12192314611932922
26,Borough Park,2019-02-01 02:00:00,0.4762257570865522
26,Borough Park,2019-02-01 03:00:00,0.2663612329436681
26,Borough Park,2019-02-01 04:00:00,0.27043979496706194
26,Borough Park,2019-02-01 05:00:00,1.3449158904386926
26,Borough Park,2019-02-01 06:00:00,0.3777795832298414
26,Borough Park,2019-02-01 07:00:00,4.023518173487806
26,Borough Park,2019-02-01 08:00:00,6.578118612959528
26,Borough Park,2019-02-01 09:00:00,6.208128498805014
26,Borough Park,2019-02-01 10:00:00,6.765411547775264
26,Borough Park,2019-02-01 11:00:00,5.1507920741187085
26,Borough Park,2019-02-01 12:00:00,6.03180130520032
26,Borough Park,2019-02-01 13:00:00,6.4275343228439965
26,Borough Park,2019-02-01 14:00:00,6.29048677987433
26,Borough Park,2019-02-01 15:00:00,8.032460435253341
26,Borough Park,2019-02-01 16:00:00,5.586840475264772
26,Borough Park,2019-02-01 17:00:00,1.9628977962304606
26,Borough Park,2019-02-01 18:00:00,2.6754604319264503
26,Borough Park,2019-02-01 19:00:00,1.6712398223780613
26,Borough Park,2019-02-01 20:00:00,1.3144995440887022
26,Borough Park,2019-02-01 21:00:00,0.7866784543447609
26,Borough Park,2019-02-01 22:00:00,0.6083934043187171
26,Borough Park,2019-02-01 23:00:00,0.45992984348657107
29,Brighton Beach,2019-02-01 00:00:00,0.6945562728557474
29,Brighton Beach,2019-02-01 01:00:00,0.057132101957375184
29,Brighton Beach,2019-02-01 02:00:00,0.05370184806754666
29,Brighton Beach,2019-02-01 03:00:00,0.05303589637205341
29,Brighton Beach,2019-02-01 04:00:00,0.0552795029988913
29,Brighton Beach,2019-02-01 05:00:00,0.4978155872159595
29,Brighton Beach,2019-02-01 06:00:00,1.1850171674246206
29,Brighton Beach,2019-02-01 07:00:00,0.5108363260554273
29,Brighton Beach,2019-02-01 08:00:00,3.6424308297503556
29,Brighton Beach,2019-02-01 09:00:00,1.1299610234687378
29,Brighton Beach,2019-02-01 10:00:00,3.8221650579602366
29,Brighton Beach,2019-02-01 11:00:00,2.7393364439892003
29,Brighton Beach,2019-02-01 12:00:00,4.464689909067117
29,Brighton Beach,2019-02-01 13:00:00,1.926706829254021
29,Brighton Beach,2019-02-01 14:00:00,2.5400663008847806
29,Brighton Beach,2019-02-01 15:00:00,3.072746622720045
29,Brighton Beach,2019-02-01 16:00:00,3.7280998207458707
29,Brighton Beach,2019-02-01 17:00:00,2.2003464150899514
29,Brighton Beach,2019-02-01 18:00:00,1.6978463454491646
29,Brighton Beach,2019-02-01 19:00:00,1.0063986399478353
29,Brighton Beach,2019-02-01 20:00:00,0.6497125204980206
29,Brighton Beach,2019-02-01 21:00:00,0.193358183700025
29,Brighton Beach,2019-02-01 22:00:00,0.9161871591699551
29,Brighton Beach,2019-02-01 23:00:00,0.3152665859878764
33,Brooklyn Heights,2019-02-01 00:00:00,5.868192091999641
33,Brooklyn Heights,2019-02-01 01:00:00,3.176581987467432
33,Brooklyn Heights,2019-02-01 02:00:00,1.0154056522430681
33,Brooklyn Heights,2019-02-01 03:00:00,0.8622619894883383
33,Brooklyn Heights,2019-02-01 04:00:00,0.8783815263926953
33,Brooklyn Heights,2019-02-01 05:00:00,5.155276728680774
33,Brooklyn Heights,2019-02-01 06:00:00,28.107178107812402
33,Brooklyn Heights,2019-02-01 07:00:00,46.1386697256087
33,Brooklyn Heights,2019-02-01 08:00:00,72.22335861987501
33,Brooklyn Heights,2019-02-01 09:00:00,60.066672227897755
33,Brooklyn Heights,2019-02-01 10:00:00,45.8241237199031
33,Brooklyn Heights,2019-02-01 11:00:00,39.34334801359423
33,Brooklyn Heights,2019-02-01 12:00:00,37.44260923368128
33,Brooklyn Heights,2019-02-01 13:00:00,37.224106769139766
33,Brooklyn Heights,2019-02-01 14:00:00,40.10103350767129
33,Brooklyn Heights,2019-02-01 15:00:00,49.42740668642858
33,Brooklyn Heights,2019-02-01 16:00:00,51.81683198569229
33,Brooklyn Heights,2019-02-01 17:00:00,54.648060840783785
33,Brooklyn Heights,2019-02-01 18:00:00,66.45433824527527
33,Brooklyn Heights,2019-02-01 19:00:00,58.252688532622976
33,Brooklyn Heights,2019-02-01 20:00:00,38.90567962303535
33,Brooklyn Heights,2019-02-01 21:00:00,34.9686905427455
33,Brooklyn Heights,2019-02-01 22:00:00,28.642263128224194
33,Brooklyn Heights,2019-02-01 23:00:00,20.578775497217244
34,Brooklyn Navy Yard,2019-02-01 00:00:00,0.18649644687079095
34,Brooklyn Navy Yard,2019-02-01 01:00:00,0.03649644687079096
34,Brooklyn Navy Yard,2019-02-01 02:00:00,0.03459315007925228
34,Brooklyn Navy Yard,2019-02-01 03:00:00,0.03531285039118375
34,Brooklyn Navy Yard,2019-02-01 04:00:00,0.035989033523304646
34,Brooklyn Navy Yard,2019-02-01 05:00:00,0.10024914804506471
34,Brooklyn Navy Yard,2019-02-01 06:00:00,0.19158878184775432
34,Brooklyn Navy Yard,2019-02-01 07:00:00,0.31128329856998177
34,Brooklyn Navy Yard,2019-02-01 08:00:00,0.7125496418754553
34,Brooklyn Navy Yard,2019-02-01 09:00:00,0.5577014642772673
34,Brooklyn Navy Yard,2019-02-01 10:00:00,0.25417457368710084
34,Brooklyn Navy Yard,2019-02-01 11:00:00,0.5537254417051208
34,Brooklyn Navy Yard,2019-02-01 12:00:00,0.25372544170512085
34,Brooklyn Navy Yard,2019-02-01 13:00:00,1.04286791194964
34,Brooklyn Navy Yard,2019-02-01 14:00:00,0.7853005645706926
34,Brooklyn Navy Yard,2019-02-01 15:00:00,0.5535180692344295
34,Brooklyn Navy Yard,2019-02-01 16:00:00,0.7864857093192716
34,Brooklyn Navy Yard,2019-02-01 17:00:00,1.4363961211160476
34,Brooklyn Navy Yard,2019-02-01 18:00:00,1.0638022515802765
34,Brooklyn Navy Yard,2019-02-01 19:00:00,0.5568845047472393
34,Brooklyn Navy Yard,2019-02-01 20:00:00,0.4654415724888277
34,Brooklyn Navy Yard,2019-02-01 21:00:00,0.4621373710409697
34,Brooklyn Navy Yard,2019-02-01 22:00:00,0.7579774901567599
34,Brooklyn Navy Yard,2019-02-01 23:00:00,0.2466589887451355
35,Brownsville,2019-02-01 00:00:00,0.48227123236347014
35,Brownsville,2019-02-01 01:00:00,0.1750239748666646
35,Brownsville,2019-02-01 02:00:00,0.7100315123123702
35,Brownsville,2019-02-01 03:00:00,0.16861131794963774
35,Brownsville,2019-02-01 04:00:00,0.16743806632042793
35,Brownsville,2019-02-01 05:00:00,2.8394494350194157
35,Brownsville,2019-02-01 06:00:00,6.474939149570407
35,Brownsville,2019-02-01 07:00:00,7.80791372528094
35,Brownsville,2019-02-01 08:00:00,11.044665248817166
35,Brownsville,2019-02-01 09:00:00,13.534290394310997
35,Brownsville,2019-02-01 10:00:00,10.040952683905331
35,Brownsville,2019-02-01 11:00:00,6.76958687898995
35,Brownsville,2019-02-01 12:00:00,5.739968902964273
35,Brownsville,2019-02-01 13:00:00,7.551632353452421
35,Brownsville,2019-02-01 14:00:00,8.167924663487852
35,Brownsville,2019-02-01 15:00:00,6.708190440272821
35,Brownsville,2019-02-01 16:00:00,4.490729575214315
35,Brownsville,2019-02-01 17:00:00,4.441921475133167
35,Brownsville,2019-02-01 18:00:00,4.838380519777368
35,Brownsville,2019-02-01 19:00:00,3.5258276442669434
35,Brownsville,2019-02-01 20:00:00,3.7948414620296296
35,Brownsville,2019-02-01 21:00:00,3.171506211755568
35,Brownsville,2019-02-01 22:00:00,4.895814633007647
35,Brownsville,2019-02-01 23:00:00,2.5887682099809726
36,Bushwick North,2019-02-01 00:00:00,4.084218042094162
36,Bushwick North,2019-02-01 01:00:00,4.634721270423669
36,Bushwick North,2019-02-01 02:00:00,3.08330442024552
36,Bushwick North,2019-02-01 03:00:00,2.859085236572232
36,Bushwick North,2019-02-01 04:00:00,1.9598699286889398
36,Bushwick North,2019-02-01 05:00:00,2.481198124510444
36,Bushwick North,2019-02-01 06:00:00,1.4604818841111047
36,Bushwick North,2019-02-01 07:00:00,1.4513835497360554
36,Bushwick North,2019-02-01 08:00:00,1.9046103620182153
36,Bushwick North,2019-02-01 09:00:00,1.5286906606801174
36,Bushwick North,2019-02-01 10:00:00,2.626337679893638
36,Bushwick North,2019-02-01 11:00:00,2.078763393877034
36,Bushwick North,2019-02-01 12:00:00,2.73577192652567
36,Bushwick North,2019-02-01 13:00:00,2.4980376819619754
36,Bushwick North,2019-02-01 14:00:00,1.8056957865899423
36,Bushwick North,2019-02-01 15:00:00,1.6763157717882038
36,Bushwick North,2019-02-01 16:00:00,1.278333204285683
36,Bushwick North,2019-02-01 17:00:00,1.4997408066257187
36,Bushwick North,2019-02-01 18:00:00,2.146684392608368
36,Bushwick North,2019-02-01 19:00:00,1.994025878762198
36,Bushwick North,2019-02-01 20:00:00,1.4628090208009816
36,Bushwick North,2019-02-01 21:00:00,1.6128090208009818
36,Bushwick North,2019-02-01 22:00:00,2.363965010240684
36,Bushwick North,2019-02-01 23:00:00,4.615797669117541
37,Bushwick South,2019-02-01 00:00:00,3.7615216906905586
37,Bushwick South,2019-02-01 01:00:00,3.0285081945271775
37,Bushwick South,2019-02-01 02:00:00,2.205376317095279
37,Bushwick South,2019-02-01 03:00:00,1.8292997320536744
37,Bushwick South,2019-02-01 04:00:00,2.226679476996115
37,Bushwick South,2019-02-01 05:00:00,2.8256468641621013
37,Bushwick South,2019-02-01 06:00:00,3.814748897068162
37,Bushwick South,2019-02-01 07:00:00,5.094928833247431
37,Bushwick South,2019-02-01 08:00:00,5.476410610941688
37,Bushwick South,2019-02-01 09:00:00,5.512657827059803
37,Bushwick South,2019-02-01 10:00:00,4.812866896416718
37,Bushwick South,2019-02-01 11:00:00,5.534928475017191
37,Bushwick South,2019-02-01 12:00:00,4.521404831642053
37,Bushwick South,2019-02-01 13:00:00,5.414700944774381
37,Bushwick South,2019-02-01 14:00:00,7.679589935697191
37,Bushwick South,2019-02-01 15:00:00,4.40822493143436
37,Bushwick South,2019-02-01 16:00:00,4.644361306833906
37,Bushwick South,2019-02-01 17:00:00,4.302444428553056
37,Bushwick South,2019-02-01 18:00:00,3.654030186389372
37,Bushwick South,2019-02-01 19:00:00,3.3280180245144626
37,Bushwick South,2019-02-01 20:00:00,2.675996529927038
37,Bushwick South,2019-02-01 21:00:00,3.667075099303161
37,Bushwick South,2019-02-01 22:00:00,5.059709573901444
37,Bushwick South,2019-02-01 23:00:00,6.1905506982552625
39,Canarsie,2019-02-01 00:00:00,0.16358603278218697
39,Canarsie,2019-02-01 01:00:00,0.15859055988560342
39,Canarsie,2019-02-01 02:00:00,0.15538335006223006
39,Canarsie,2019-02-01 03:00:00,0.4527800024942498
39,Canarsie,2019-02-01 04:00:00,0.9667539747184366
39,Canarsie,2019-02-01 05:00:00,2.5369710538807992
39,Canarsie,2019-02-01 06:00:00,8.329480189195836
39,Canarsie,2019-02-01 07:00:00,8.725546807332796
39,Canarsie,2019-02-01 08:00:00,10.128964685584542
39,Canarsie,2019-02-01 09:00:00,8.580702525938253
39,Canarsie,2019-02-01 10:00:00,7.994666522815176
39,Canarsie,2019-02-01 11:00:00,6.188434869604651
39,Canarsie,2019-02-01 12:00:00,7.0099488318776535
39,Canarsie,2019-02-01 13:00:00,6.132114527466244
39,Canarsie,2019-02-01 14:00:00,7.048872118719752
39,Canarsie,2019-02-01 15:00:00,6.141752757718111
39,Canarsie,2019-02-01 16:00:00,5.435466958688613
39,Canarsie,2019-02-01 17:00:00,4.462804830799671
39,Canarsie,2019-02-01 18:00:00,2.910949244637251
39,Canarsie,2019-02-01 19:00:00,2.990584591411828
39,Canarsie,2019-02-01 20:00:00,2.023960109629618
39,Canarsie,2019-02-01 21:00:00,1.6769032404351805
39,Canarsie,2019-02-01 22:00:00,1.3728872175329072
39,Canarsie,2019-02-01 23:00:00,2.09926202216508
40,Carroll Gardens,2019-02-01 00:00:00,4.8641229528622745
40,Carroll Gardens,2019-02-01 01:00:00,0.6871957097000361
40,Carroll Gardens,2019-02-01 02:00:00,1.4257454859179395
40,Carroll Gardens,2019-02-01 03:00:00,0.5293276215644278
40,Carroll Gardens,2019-02-01 04:00:00,1.2629328815156295
40,Carroll Gardens,2019-02-01 05:00:00,2.3626316609042046
40,Carroll Gardens,2019-02-01 06:00:00,12.059616481251469
40,Carroll Gardens,2019-02-01 07:00:00,33.19261443386412
40,Carroll Gardens,2019-02-01 08:00:00,38.48596368029327
40,Carroll Gardens,2019-02-01 09:00:00,17.657380190600332
40,Carroll Gardens,2019-02-01 10:00:00,12.418971094829804
40,Carroll Gardens,2019-02-01 11:00:00,9.395191346491213
40,Carroll Gardens,2019-02-01 12:00:00,8.645191346491213
40,Carroll Gardens,2019-02-01 13:00:00,7.128486741683445
40,Carroll Gardens,2019-02-01 14:00:00,9.953922948491783
40,Carroll Gardens,2019-02-01 15:00:00,12.527404783883629
40,Carroll Gardens,2019-02-01 16:00:00,6.713405557310706
40,Carroll Gardens,2019-02-01 17:00:00,11.8480223350494
40,Carroll Gardens,2019-02-01 18:00:00,12.219038557572059
40,Carroll Gardens,2019-02-01 19:00:00,15.914304487832583
40,Carroll Gardens,2019-02-01 20:00:00,10.60644615332021
40,Carroll Gardens,2019-02-01 21:00:00,10.186576979368105
40,Carroll Gardens,2019-02-01 22:00:00,11.116616786099549
40,Carroll Gardens,2019-02-01 23:00:00,9.344672528689724
49,Clinton Hill,2019-02-01 00:00:00,6.770640431330683
49,Clinton Hill,2019-02-01 01:00:00,3.5668514128242403
49,Clinton Hill,2019-02-01 02:00:00,1.191899064400454
49,Clinton Hill,2019-02-01 03:00:00,1.4913217696850756
49,Clinton Hill,2019-02-01 04:00:00,0.943601281061999
49,Clinton Hill,2019-02-01 05:00:00,1.8916974425667807
49,Clinton Hill,2019-02-01 06:00:00,3.3568806811544887
49,Clinton Hill,2019-02-01 07:00:00,10.267392084459996
49,Clinton Hill,2019-02-01 08:00:00,18.931719173374933
49,Clinton Hill,2019-02-01 09:00:00,22.979864636099087
49,Clinton Hill,2019-02-01 10:00:00,12.982116453284272
49,Clinton Hill,2019-02-01 11:00:00,13.042576162568615
49,Clinton Hill,2019-02-01 12:00:00,7.954193931385616
49,Clinton Hill,2019-02-01 13:00:00,10.175468526677244
49,Clinton Hill,2019-02-01 14:00:00,11.546693561434793
49,Clinton Hill,2019-02-01 15:00:00,13.282746933049392
49,Clinton Hill,2019-02-01 16:00:00,16.847377472485835
49,Clinton Hill,2019-02-01 17:00:00,18.379132950976505
49,Clinton Hill,2019-02-01 18:00:00,15.497164681626032
49,Clinton Hill,2019-02-01 19:00:00,17.185967000615374
49,Clinton Hill,2019-02-01 20:00:00,17.641242627960562
49,Clinton Hill,2019-02-01 21:00:00,13.927963626834238
49,Clinton Hill,2019-02-01 22:00:00,16.578641006879863
49,Clinton Hill,2019-02-01 23:00:00,17.16994927118303
52,Cobble Hill,2019-02-01 00:00:00,2.293573022818065
52,Cobble Hill,2019-02-01 01:00:00,2.0064944113683136
52,Cobble Hill,2019-02-01 02:00:00,0.6830648339561228
52,Cobble Hill,2019-02-01 03:00:00,0.37350210997330874
52,Cobble Hill,2019-02-01 04:00:00,1.2669840714364144
52,Cobble Hill,2019-02-01 05:00:00,2.891526299054653
52,Cobble Hill,2019-02-01 06:00:00,12.685097826091784
52,Cobble Hill,2019-02-01 07:00:00,33.50452813350697
52,Cobble Hill,2019-02-01 08:00:00,47.38492151040077
52,Cobble Hill,2019-02-01 09:00:00,26.82162699036671
52,Cobble Hill,2019-02-01 10:00:00,16.646792772923227
52,Cobble Hill,2019-02-01 11:00:00,20.96277487062084
52,Cobble Hill,2019-02-01 12:00:00,13.94925417228803
52,Cobble Hill,2019-02-01 13:00:00,12.881214802214561
52,Cobble Hill,2019-02-01 14:00:00,16.654282147832895
52,Cobble Hill,2019-02-01 15:00:00,15.593893034039109
52,Cobble Hill,2019-02-01 16:00:00,18.16339977691593
52,Cobble Hill,2019-02-01 17:00:00,17.330492263502347
52,Cobble Hill,2019-02-01 18:00:00,21.87689928580624
52,Cobble Hill,2019-02-01 19:00:00,18.413745176441438
52,Cobble Hill,2019-02-01 20:00:00,16.902994197758673
52,Cobble Hill,2019-02-01 21:00:00,14.193227292631615
52,Cobble Hill,2019-02-01 22:00:00,7.983553900335625
52,Cobble Hill,2019-02-01 23:00:00,7.667843043705844
54,Columbia Street,2019-02-01 00:00:00,0.20765236711780563
54,Columbia Street,2019-02-01 01:00:00,0.047493943312507926
54,Columbia Street,2019-02-01 02:00:00,0.19501712494593532
54,Columbia Street,2019-02-01 03:00:00,0.20297173164599147
54,Columbia Street,2019-02-01 04:00:00,0.03691297466820664
54,Columbia Street,2019-02-01 05:00:00,0.6490024602215978
54,Columbia Street,2019-02-01 06:00:00,0.4099449028324539
54,Columbia Street,2019-02-01 07:00:00,1.150636922607489
54,Columbia Street,2019-02-01 08:00:00,2.3545700895038117
54,Columbia Street,2019-02-01 09:00:00,0.47272533501628716
54,Columbia Street,2019-02-01 10:00:00,0.41873772182479185
54,Columbia Street,2019-02-01 11:00:00,0.6985126405197941
54,Columbia Street,2019-02-01 12:00:00,0.8685782852997461
54,Columbia Street,2019-02-01 13:00:00,0.92406602826306
54,Columbia Street,2019-02-01 14:00:00,0.4204074701802034
54,Columbia Street,2019-02-01 15:00:00,0.5704074701802034
54,Columbia Street,2019-02-01 16:00:00,0.7076455586116404
54,Columbia Street,2019-02-01 17:00:00,0.8423972519494243
54,Columbia Street,2019-02-01 18:00:00,0.4883275320972128
54,Columbia Street,2019-02-01 19:00:00,0.5772286945891374
54,Columbia Street,2019-02-01 20:00:00,0.8409207976002051
54,Columbia Street,2019-02-01 21:00:00,0.9772631827599211
54,Columbia Street,2019-02-01 22:00:00,0.7723167538429984
54,Columbia Street,2019-02-01 23:00:00,0.7339178129120956
55,Coney Island,2019-02-01 00:00:00,0.5755186917294878
55,Coney Island,2019-02-01 01:00:00,0.23227332911287882
55,Coney Island,2019-02-01 02:00:00,0.31628595216356525
55,Coney Island,2019-02-01 03:00:00,0.7627843747148659
55,Coney Island,2019-02-01 04:00:00,0.4885162769579632
55,Coney Island,2019-02-01 05:00:00,1.4420725513332153
55,Coney Island,2019-02-01 06:00:00,4.044119205683133
55,Coney Island,2019-02-01 07:00:00,4.402543569941527
55,Coney Island,2019-02-01 08:00:00,5.32185306319282
55,Coney Island,2019-02-01 09:00:00,7.833580419460434
55,Coney Island,2019-02-01 10:00:00,7.39804638796986
55,Coney Island,2019-02-01 11:00:00,7.269109136723637
55,Coney Island,2019-02-01 12:00:00,4.288708031910989
55,Coney Island,2019-02-01 13:00:00,4.308724277263104
55,Coney Island,2019-02-01 14:00:00,5.814005381215487
55,Coney Island,2019-02-01 15:00:00,5.532722268300588
55,Coney Island,2019-02-01 16:00:00,4.245075820656087
55,Coney Island,2019-02-01 17:00:00,3.8085926137444477
55,Coney Island,2019-02-01 18:00:00,2.3878133885795516
55,Coney Island,2019-02-01 19:00:00,2.4111013942127437
55,Coney Island,2019-02-01 20:00:00,2.6739346982691736
55,Coney Island,2019-02-01 21:00:00,1.5555133993096435
55,Coney Island,2019-02-01 22:00:00,0.785653118284672
55,Coney Island,2019-02-01 23:00:00,0.1718187146870388
61,Crown Heights North,2019-02-01 00:00:00,7.430011306611876
61,Crown Heights North,2019-02-01 01:00:00,2.599404330185044
61,Crown Heights North,2019-02-01 02:00:00,2.3810707133892683
61,Crown Heights North,2019-02-01 03:00:00,2.4104270330183937
61,Crown Heights North,2019-02-01 04:00:00,2.462992607122885
61,Crown Heights North,2019-02-01 05:00:00,3.676137079934145
61,Crown Heights North,2019-02-01 06:00:00,10.619614342096364
61,Crown Heights North,2019-02-01 07:00:00,14.608495510882834
61,Crown Heights North,2019-02-01 08:00:00,21.41876055417792
61,Crown Heights North,2019-02-01 09:00:00,24.053929167861533
61,Crown Heights North,2019-02-01 10:00:00,18.826382482762888
61,Crown Heights North,2019-02-01 11:00:00,19.165644516726147
61,Crown Heights North,2019-02-01 12:00:00,15.457596221514219
61,Crown Heights North,2019-02-01 13:00:00,18.620528287938733
61,Crown Heights North,2019-02-01 14:00:00,17.168611550674573
61,Crown Heights North,2019-02-01 15:00:00,17.35335375142457
61,Crown Heights North,2019-02-01 16:00:00,16.12691613473505
61,Crown Heights North,2019-02-01 17:00:00,17.921953901914165
61,Crown Heights North,2019-02-01 18:00:00,17.230352487783485
61,Crown Heights North,2019-02-01 19:00:00,16.56451514379424
61,Crown Heights North,2019-02-01 20:00:00,15.080934731379294
61,Crown Heights North,2019-02-01 21:00:00,14.686064553682003
61,Crown Heights North,2019-02-01 22:00:00,11.610868221185822
61,Crown Heights North,2019-02-01 23:00:00,11.553826697285196
62,Crown Heights South,2019-02-01 00:00:00,1.1960169108529302
62,Crown Heights South,2019-02-01 01:00:00,0.4211387291143562
62,Crown Heights South,2019-02-01 02:00:00,0.26868891544141893
62,Crown Heights South,2019-02-01 03:00:00,0.41670035940091094
62,Crown Heights South,2019-02-01 04:00:00,3.352584049902009
62,Crown Heights South,2019-02-01 05:00:00,1.0971958704698082
62,Crown Heights South,2019-02-01 06:00:00,2.466764401431262
62,Crown Heights South,2019-02-01 07:00:00,5.263795753642258
62,Crown Heights South,2019-02-01 08:00:00,5.987075769544255
62,Crown Heights South,2019-02-01 09:00:00,6.846185753256833
62,Crown Heights South,2019-02-01 10:00:00,6.119561414341836
62,Crown Heights South,2019-02-01 11:00:00,5.953143235258412
62,Crown Heights South,2019-02-01 12:00:00,3.9751474388699997
62,Crown Heights South,2019-02-01 13:00:00,4.2653377407967055
62,Crown Heights South,2019-02-01 14:00:00,7.383521061033602
62,Crown Heights South,2019-02-01 15:00:00,3.825936416774196
62,Crown Heights South,2019-02-01 16:00:00,4.7654737795684365
62,Crown Heights South,2019-02-01 17:00:00,4.496074069566138
62,Crown Heights South,2019-02-01 18:00:00,3.8679174174612525
62,Crown Heights South,2019-02-01 19:00:00,2.2420222543091572
62,Crown Heights South,2019-02-01 20:00:00,2.8973557527851455
62,Crown Heights South,2019-02-01 21:00:00,2.507114831102487
62,Crown Heights South,2019-02-01 22:00:00,2.6558634208325906
62,Crown Heights South,2019-02-01 23:00:00,2.5466804300257135
63,Cypress Hills,2019-02-01 00:00:00,0.0642677427811849
63,Cypress Hills,2019-02-01 01:00:00,0.042562836783465376
63,Cypress Hills,2019-02-01 02:00:00,0.040343176579951484
63,Cypress Hills,2019-02-01 03:00:00,0.03979988814910781
63,Cypress Hills,2019-02-01 04:00:00,0.34426928443152716
63,Cypress Hills,2019-02-01 05:00:00,0.23796963823437178
63,Cypress Hills,2019-02-01 06:00:00,1.3499614180125363
63,Cypress Hills,2019-02-01 07:00:00,2.8286923659100296
63,Cypress Hills,2019-02-01 08:00:00,1.848675827835872
63,Cypress Hills,2019-02-01 09:00:00,2.8349103200298975
63,Cypress Hills,2019-02-01 10:00:00,2.025840275780148
63,Cypress Hills,2019-02-01 11:00:00,1.2904125093398604
63,Cypress Hills,2019-02-01 12:00:00,1.9946697315766606
63,Cypress Hills,2019-02-01 13:00:00,2.2706725949292568
63,Cypress Hills,2019-02-01 14:00:00,1.9198742023682354
63,Cypress Hills,2019-02-01 15:00:00,2.3303320105652485
63,Cypress Hills,2019-02-01 16:00:00,1.2508231897378759
63,Cypress Hills,2019-02-01 17:00:00,2.0896182950759057
63,Cypress Hills,2019-02-01 18:00:00,0.6820873519568948
63,Cypress Hills,2019-02-01 19:00:00,1.8144687674885642
63,Cypress Hills,2019-02-01 20:00:00,0.7727529591884486
63,Cypress Hills,2019-02-01 21:00:00,0.7445236010308262
63,Cypress Hills,2019-02-01 22:00:00,0.9369715590876454
63,Cypress Hills,2019-02-01 23:00:00,0.3771776306665596
65,Downtown Brooklyn/MetroTech,2019-02-01 00:00:00,24.64737630610979
65,Downtown Brooklyn/MetroTech,2019-02-01 01:00:00,13.71473806899404
65,Downtown Brooklyn/MetroTech,2019-02-01 02:00:00,4.533376631755676
65,Downtown Brooklyn/MetroTech,2019-02-01 03:00:00,3.248042660199512
65,Downtown Brooklyn/MetroTech,2019-02-01 04:00:00,2.395353470731807
65,Downtown Brooklyn/MetroTech,2019-02-01 05:00:00,5.306462716762924
65,Downtown Brooklyn/MetroTech,2019-02-01 06:00:00,14.981812428614822
65,Downtown Brooklyn/MetroTech,2019-02-01 07:00:00,26.72750911319918
65,Downtown Brooklyn/MetroTech,2019-02-01 08:00:00,32.480762621585356
65,Downtown Brooklyn/MetroTech,2019-02-01 09:00:00,26.2060137153137
65,Downtown Brooklyn/MetroTech,2019-02-01 10:00:00,25.992490155520823
65,Downtown Brooklyn/MetroTech,2019-02-01 11:00:00,31.658448568649312
65,Downtown Brooklyn/MetroTech,2019-02-01 12:00:00,32.767617278199666
65,Downtown Brooklyn/MetroTech,2019-02-01 13:00:00,35.92464620602286
65,Downtown Brooklyn/MetroTech,2019-02-01 14:00:00,36.22021694751406
65,Downtown Brooklyn/MetroTech,2019-02-01 15:00:00,48.00874257141962
65,Downtown Brooklyn/MetroTech,2019-02-01 16:00:00,51.84197118668679
65,Downtown Brooklyn/MetroTech,2019-02-01 17:00:00,63.691953106368224
65,Downtown Brooklyn/MetroTech,2019-02-01 18:00:00,80.41748537788786
65,Downtown Brooklyn/MetroTech,2019-02-01 19:00:00,69.97105492752482
65,Downtown Brooklyn/MetroTech,2019-02-01 20:00:00,62.66035030197738
65,Downtown Brooklyn/MetroTech,2019-02-01 21:00:00,57.03711193081217
65,Downtown Brooklyn/MetroTech,2019-02-01 22:00:00,46.062875009479356
65,Downtown Brooklyn/MetroTech,2019-02-01 23:00:00,40.67183833078407
66,DUMBO/Vinegar Hill,2019-02-01 00:00:00,10.102051726557555
66,DUMBO/Vinegar Hill,2019-02-01 01:00:00,4.793961396466117
66,DUMBO/Vinegar Hill,2019-02-01 02:00:00,2.214103422489918
66,DUMBO/Vinegar Hill,2019-02-01 03:00:00,0.23031952392302457
66,DUMBO/Vinegar Hill,2019-02-01 04:00:00,0.8259550912258968
66,DUMBO/Vinegar Hill,2019-02-01 05:00:00,2.589881384941303
66,DUMBO/Vinegar Hill,2019-02-01 06:00:00,8.12387543981945
66,DUMBO/Vinegar Hill,2019-02-01 07:00:00,21.04731589217024
66,DUMBO/Vinegar Hill,2019-02-01 08:00:00,37.662455783004035
66,DUMBO/Vinegar Hill,2019-02-01 09:00:00,26.769301373569053
66,DUMBO/Vinegar Hill,2019-02-01 10:00:00,16.732109779222007
66,DUMBO/Vinegar Hill,2019-02-01 11:00:00,12.595113194079811
66,DUMBO/Vinegar Hill,2019-02-01 12:00:00,11.820525603708784
66,DUMBO/Vinegar Hill,2019-02-01 13:00:00,13.48767059884376
66,DUMBO/Vinegar Hill,2019-02-01 14:00:00,19.832528808004767
66,DUMBO/Vinegar Hill,2019-02-01 15:00:00,24.197193612766178
66,DUMBO/Vinegar Hill,2019-02-01 16:00:00,23.69615567874149
66,DUMBO/Vinegar Hill,2019-02-01 17:00:00,37.44642595815415
66,DUMBO/Vinegar Hill,2019-02-01 18:00:00,58.883199661157136
66,DUMBO/Vinegar Hill,2019-02-01 19:00:00,48.87386970087871
66,DUMBO/Vinegar Hill,2019-02-01 20:00:00,34.39503935040104
66,DUMBO/Vinegar Hill,2019-02-01 21:00:00,33.94107886723637
66,DUMBO/Vinegar Hill,2019-02-01 22:00:00,41.829201445264744
66,DUMBO/Vinegar Hill,2019-02-01 23:00:00,28.13179448622732
67,Dyker Heights,2019-02-01 00:00:00,0.040094937498241806
67,Dyker Heights,2019-02-01 01:00:00,0.03883135502790788
67,Dyker Heights,2019-02-01 02:00:00,0.03680629232256089
67,Dyker Heights,2019-02-01 03:00:00,0.18864852557085543
67,Dyker Heights,2019-02-01 04:00:00,0.19218093200628603
67,Dyker Heights,2019-02-01 05:00:00,0.47870538639572996
67,Dyker Heights,2019-02-01 06:00:00,1.5364279557202194
67,Dyker Heights,2019-02-01 07:00:00,1.7354127138852269
67,Dyker Heights,2019-02-01 08:00:00,2.719118066939222
67,Dyker Heights,2019-02-01 09:00:00,1.6418923886375976
67,Dyker Heights,2019-02-01 10:00:00,1.8928485404203435
67,Dyker Heights,2019-02-01 11:00:00,2.2272126532814975
67,Dyker Heights,2019-02-01 12:00:00,1.4784554976645083
67,Dyker Heights,2019-02-01 13:00:00,1.308977772297248
67,Dyker Heights,2019-02-01 14:00:00,1.5810451568852262
67,Dyker Heights,2019-02-01 15:00:00,2.1539550392763074
67,Dyker Heights,2019-02-01 16:00:00,1.1855827567302584
67,Dyker Heights,2019-02-01 17:00:00,1.6884504759995542
67,Dyker Heights,2019-02-01 18:00:00,0.9024245184390638
67,Dyker Heights,2019-02-01 19:00:00,0.47996790744235185
67,Dyker Heights,2019-02-01 20:00:00,0.5176374134899014
67,Dyker Heights,2019-02-01 21:00:00,0.44266252466380873
67,Dyker Heights,2019-02-01 22:00:00,0.711654435265991
67,Dyker Heights,2019-02-01 23:00:00,1.2355477927698573
71,East Flatbush/Farragut,2019-02-01 00:00:00,0.1156610655604977
71,East Flatbush/Farragut,2019-02-01 01:00:00,0.10888207714187939
71,East Flatbush/Farragut,2019-02-01 02:00:00,0.4979344545837878
71,East Flatbush/Farragut,2019-02-01 03:00:00,0.11670035940091093
71,East Flatbush/Farragut,2019-02-01 04:00:00,2.04399238766765
71,East Flatbush/Farragut,2019-02-01 05:00:00,1.7524143730559816
71,East Flatbush/Farragut,2019-02-01 06:00:00,6.413068355851206
71,East Flatbush/Farragut,2019-02-01 07:00:00,4.805034739352673
71,East Flatbush/Farragut,2019-02-01 08:00:00,6.476079835612037
71,East Flatbush/Farragut,2019-02-01 09:00:00,6.028780843107103
71,East Flatbush/Farragut,2019-02-01 10:00:00,7.098697516431272
71,East Flatbush/Farragut,2019-02-01 11:00:00,4.939397864717742
71,East Flatbush/Farragut,2019-02-01 12:00:00,5.353767491539864
71,East Flatbush/Farragut,2019-02-01 13:00:00,5.175051906648013
71,East Flatbush/Farragut,2019-02-01 14:00:00,3.8046689861885334
71,East Flatbush/Farragut,2019-02-01 15:00:00,5.15669200772448
71,East Flatbush/Farragut,2019-02-01 16:00:00,5.722228189356515
71,East Flatbush/Farragut,2019-02-01 17:00:00,5.5255023278992095
71,East Flatbush/Farragut,2019-02-01 18:00:00,3.797722018091912
71,East Flatbush/Farragut,2019-02-01 19:00:00,2.4895579392593774
71,East Flatbush/Farragut,2019-02-01 20:00:00,1.996891744482025
71,East Flatbush/Farragut,2019-02-01 21:00:00,2.5087033998139416
71,East Flatbush/Farragut,2019-02-01 22:00:00,4.0853819034700045
71,East Flatbush/Farragut,2019-02-01 23:00:00,0.43899352333802855
72,East Flatbush/Remsen Village,2019-02-01 00:00:00,0.11454380189886018
72,East Flatbush/Remsen Village,2019-02-01 01:00:00,0.11104594546132883
72,East Flatbush/Remsen Village,2019-02-01 02:00:00,0.10880024024794002
72,East Flatbush/Remsen Village,2019-02-01 03:00:00,0.2690196043786398
72,East Flatbush/Remsen Village,2019-02-01 04:00:00,0.3566032864144044
72,East Flatbush/Remsen Village,2019-02-01 05:00:00,3.1522849830062154
72,East Flatbush/Remsen Village,2019-02-01 06:00:00,3.199241338634237
72,East Flatbush/Remsen Village,2019-02-01 07:00:00,7.519896543478632
72,East Flatbush/Remsen Village,2019-02-01 08:00:00,6.161146846997482
72,East Flatbush/Remsen Village,2019-02-01 09:00:00,9.248514651269826
72,East Flatbush/Remsen Village,2019-02-01 10:00:00,8.30370161515296
72,East Flatbush/Remsen Village,2019-02-01 11:00:00,6.728606058821366
72,East Flatbush/Remsen Village,2019-02-01 12:00:00,5.375049907722471
72,East Flatbush/Remsen Village,2019-02-01 13:00:00,5.678180965709542
72,East Flatbush/Remsen Village,2019-02-01 14:00:00,6.18890727990115
72,East Flatbush/Remsen Village,2019-02-01 15:00:00,4.810024925697725
72,East Flatbush/Remsen Village,2019-02-01 16:00:00,5.166544898132843
72,East Flatbush/Remsen Village,2019-02-01 17:00:00,2.857628355270182
72,East Flatbush/Remsen Village,2019-02-01 18:00:00,3.733204213373753
72,East Flatbush/Remsen Village,2019-02-01 19:00:00,2.413831701647367
72,East Flatbush/Remsen Village,2019-02-01 20:00:00,2.510537355250965
72,East Flatbush/Remsen Village,2019-02-01 21:00:00,2.9470160932586755
72,East Flatbush/Remsen Village,2019-02-01 22:00:00,1.9771095905071956
72,East Flatbush/Remsen Village,2019-02-01 23:00:00,2.2260604594689655
76,East New York,2019-02-01 00:00:00,0.527980504239957
76,East New York,2019-02-01 01:00:00,1.223737083543687
76,East New York,2019-02-01 02:00:00,0.21448862781460798
76,East New York,2019-02-01 03:00:00,0.3755633545767072
76,East New York,2019-02-01 04:00:00,0.9374133799646398
76,East New York,2019-02-01 05:00:00,3.7488669978509455
76,East New York,2019-02-01 06:00:00,12.19574444517492
76,East New York,2019-02-01 07:00:00,19.616842935443824
76,East New York,2019-02-01 08:00:00,17.711888710571802
76,East New York,2019-02-01 09:00:00,14.55516327458201
76,East New York,2019-02-01 10:00:00,15.14767511956579
76,East New York,2019-02-01 11:00:00,14.273938737633692
76,East New York,2019-02-01 12:00:00,12.915456121742256
76,East New York,2019-02-01 13:00:00,17.497624718235016
76,East New York,2019-02-01 14:00:00,13.780105726148719
76,East New York,2019-02-01 15:00:00,11.985399698749413
76,East New York,2019-02-01 16:00:00,11.17309504668551
76,East New York,2019-02-01 17:00:00,10.505910524768924
76,East New York,2019-02-01 18:00:00,7.793070171757318
76,East New York,2019-02-01 19:00:00,6.694016187689094
76,East New York,2019-02-01 20:00:00,6.0796965861734416
76,East New York,2019-02-01 21:00:00,5.1023179597146
76,East New York,2019-02-01 22:00:00,2.4454853502953373
76,East New York,2019-02-01 23:00:00,2.137255688259496
77,East New York/Pennsylvania Avenue,2019-02-01 00:00:00,0.3760197077995573
77,East New York/Pennsylvania Avenue,2019-02-01 01:00:00,0.07156413135935583
77,East New York/Pennsylvania Avenue,2019-02-01 02:00:00,0.06726736769134345
77,East New York/Pennsylvania Avenue,2019-02-01 03:00:00,0.07404213723685832
77,East New York/Pennsylvania Avenue,2019-02-01 04:00:00,0.08024715865285278
77,East New York/Pennsylvania Avenue,2019-02-01 05:00:00,0.13379512915914515
77,East New York/Pennsylvania Avenue,2019-02-01 06:00:00,2.2460128598393707
77,East New York/Pennsylvania Avenue,2019-02-01 07:00:00,2.915594509215392
77,East New York/Pennsylvania Avenue,2019-02-01 08:00:00,4.9130407855156095
77,East New York/Pennsylvania Avenue,2019-02-01 09:00:00,4.909141433312748
77,East New York/Pennsylvania Avenue,2019-02-01 10:00:00,4.65349514163951
77,East New York/Pennsylvania Avenue,2019-02-01 11:00:00,2.8400059110287534
77,East New York/Pennsylvania Avenue,2019-02-01 12:00:00,2.6159118452304515
77,East New York/Pennsylvania Avenue,2019-02-01 13:00:00,2.5714276897460033
77,East New York/Pennsylvania Avenue,2019-02-01 14:00:00,2.062456088434865
77,East New York/Pennsylvania Avenue,2019-02-01 15:00:00,2.052634093728255
77,East New York/Pennsylvania Avenue,2019-02-01 16:00:00,2.703732127843466
77,East New York/Pennsylvania Avenue,2019-02-01 17:00:00,2.5529472809428397
77,East New York/Pennsylvania Avenue,2019-02-01 18:00:00,1.8861692481243835
77,East New York/Pennsylvania Avenue,2019-02-01 19:00:00,1.3264484257331794
77,East New York/Pennsylvania Avenue,2019-02-01 20:00:00,1.190640117778898
77,East New York/Pennsylvania Avenue,2019-02-01 21:00:00,2.4656895168216737
77,East New York/Pennsylvania Avenue,2019-02-01 22:00:00,1.291802418519901
77,East New York/Pennsylvania Avenue,2019-02-01 23:00:00,0.11523622475955977
80,East Williamsburg,2019-02-01 00:00:00,9.818941011097728
80,East Williamsburg,2019-02-01 01:00:00,10.850735511519456
80,East Williamsburg,2019-02-01 02:00:00,9.378498830924807
80,East Williamsburg,2019-02-01 03:00:00,3.63914891790822
80,East Williamsburg,2019-02-01 04:00:00,2.641019116923924
80,East Williamsburg,2019-02-01 05:00:00,1.1710450825676473
80,East Williamsburg,2019-02-01 06:00:00,2.2328080031329263
80,East Williamsburg,2019-02-01 07:00:00,2.1370616023576043
80,East Williamsburg,2019-02-01 08:00:00,4.075788705126093
80,East Williamsburg,2019-02-01 09:00:00,3.3211358840220218
80,East Williamsburg,2019-02-01 10:00:00,3.1948296655226316
80,East Williamsburg,2019-02-01 11:00:00,3.3163967430226458
80,East Williamsburg,2019-02-01 12:00:00,3.0794085344553066
80,East Williamsburg,2019-02-01 13:00:00,5.041839744367322
80,East Williamsburg,2019-02-01 14:00:00,2.5904537074810805
80,East Williamsburg,2019-02-01 15:00:00,2.92497442778887
80,East Williamsburg,2019-02-01 16:00:00,4.6478729880956156
80,East Williamsburg,2019-02-01 17:00:00,3.291655401492931
80,East Williamsburg,2019-02-01 18:00:00,4.191203225108253
80,East Williamsburg,2019-02-01 19:00:00,4.017381564749934
80,East Williamsburg,2019-02-01 20:00:00,4.619383483107814
80,East Williamsburg,2019-02-01 21:00:00,8.742072858865324
80,East Williamsburg,2019-02-01 22:00:00,12.618900633584662
80,East Williamsburg,2019-02-01 23:00:00,21.880334946176394
85,Erasmus,2019-02-01 00:00:00,0.24773483854288803
85,Erasmus,2019-02-01 01:00:00,0.45318712986614335
85,Erasmus,2019-02-01 02:00:00,0.38508671423156415
85,Erasmus,2019-02-01 03:00:00,0.07753960827234173
85,Erasmus,2019-02-01 04:00:00,0.38403773147452
85,Erasmus,2019-02-01 05:00:00,1.290850433376701
85,Erasmus,2019-02-01 06:00:00,1.93533034866273
85,Erasmus,2019-02-01 07:00:00,3.0228275463122873
85,Erasmus,2019-02-01 08:00:00,3.171626257522253
85,Erasmus,2019-02-01 09:00:00,3.357552787960212
85,Erasmus,2019-02-01 10:00:00,3.677633187745327
85,Erasmus,2019-02-01 11:00:00,4.86979589005813
85,Erasmus,2019-02-01 12:00:00,5.810112964203543
85,Erasmus,2019-02-01 13:00:00,2.556854361053846
85,Erasmus,2019-02-01 14:00:00,3.417078876233984
85,Erasmus,2019-02-01 15:00:00,2.0412652105769427
85,Erasmus,2019-02-01 16:00:00,1.765196494241557
85,Erasmus,2019-02-01 17:00:00,1.7358578298917822
85,Erasmus,2019-02-01 18:00:00,2.7143386701300427
85,Erasmus,2019-02-01 19:00:00,1.8820956158196962
85,Erasmus,2019-02-01 20:00:00,2.2561443702383377
85,Erasmus,2019-02-01 21:00:00,0.9492896844351435
85,Erasmus,2019-02-01 22:00:00,1.9449993743418945
85,Erasmus,2019-02-01 23:00:00,1.2615110623575596
89,Flatbush/Ditmas Park,2019-02-01 00:00:00,2.0366754693384643
89,Flatbush/Ditmas Park,2019-02-01 01:00:00,1.073806318207644
89,Flatbush/Ditmas Park,2019-02-01 02:00:00,0.19640119944187318
89,Flatbush/Ditmas Park,2019-02-01 03:00:00,0.20124382999969703
89,Flatbush/Ditmas Park,2019-02-01 04:00:00,2.155597087773455
89,Flatbush/Ditmas Park,2019-02-01 05:00:00,3.677129516721369
89,Flatbush/Ditmas Park,2019-02-01 06:00:00,6.904164305869161
89,Flatbush/Ditmas Park,2019-02-01 07:00:00,13.136128789339402
89,Flatbush/Ditmas Park,2019-02-01 08:00:00,12.500654827478154
89,Flatbush/Ditmas Park,2019-02-01 09:00:00,10.916821183499444
89,Flatbush/Ditmas Park,2019-02-01 10:00:00,9.472220007339597
89,Flatbush/Ditmas Park,2019-02-01 11:00:00,7.888322069626907
89,Flatbush/Ditmas Park,2019-02-01 12:00:00,8.205891985075061
89,Flatbush/Ditmas Park,2019-02-01 13:00:00,8.05589198507506
89,Flatbush/Ditmas Park,2019-02-01 14:00:00,10.65704309361423
89,Flatbush/Ditmas Park,2019-02-01 15:00:00,9.383610844990248
89,Flatbush/Ditmas Park,2019-02-01 16:00:00,7.602279263772102
89,Flatbush/Ditmas Park,2019-02-01 17:00:00,7.96934195490088
89,Flatbush/Ditmas Park,2019-02-01 18:00:00,4.723477300268837
89,Flatbush/Ditmas Park,2019-02-01 19:00:00,3.6869248217266195
89,Flatbush/Ditmas Park,2019-02-01 20:00:00,3.096462894526037
89,Flatbush/Ditmas Park,2019-02-01 21:00:00,3.239452460835937
89,Flatbush/Ditmas Park,2019-02-01 22:00:00,6.7664034846643455
89,Flatbush/Ditmas Park,2019-02-01 23:00:00,2.9439229139039025
91,Flatlands,2019-02-01 00:00:00,0.30217073553481255
91,Flatlands,2019-02-01 01:00:00,0.4398234485244171
91,Flatlands,2019-02-01 02:00:00,0.22947251538500435
91,Flatlands,2019-02-01 03:00:00,0.7765761556096014
91,Flatlands,2019-02-01 04:00:00,1.70323050116554
91,Flatlands,2019-02-01 05:00:00,1.98622192286776
91,Flatlands,2019-02-01 06:00:00,3.092924225337594
91,Flatlands,2019-02-01 07:00:00,7.358200373667183
91,Flatlands,2019-02-01 08:00:00,7.414842233349544
91,Flatlands,2019-02-01 09:00:00,9.551025328203632
91,Flatlands,2019-02-01 10:00:00,7.721176063481698
91,Flatlands,2019-02-01 11:00:00,8.454754308987077
91,Flatlands,2019-02-01 12:00:00,6.169885853583731
91,Flatlands,2019-02-01 13:00:00,6.816257549232313
91,Flatlands,2019-02-01 14:00:00,8.812985430628302
91,Flatlands,2019-02-01 15:00:00,3.4240622234068008
91,Flatlands,2019-02-01 16:00:00,3.987217575963647
91,Flatlands,2019-02-01 17:00:00,6.173216011125508
91,Flatlands,2019-02-01 18:00:00,5.314949879699904
91,Flatlands,2019-02-01 19:00:00,2.9925173629827455
91,Flatlands,2019-02-01 20:00:00,1.6906735672637896
91,Flatlands,2019-02-01 21:00:00,2.555515901231842
91,Flatlands,2019-02-01 22:00:00,0.3493447500065886
91,Flatlands,2019-02-01 23:00:00,0.3441855341429189
97,Fort Greene,2019-02-01 00:00:00,18.16839644931681
97,Fort Greene,2019-02-01 01:00:00,8.400263420501048
97,Fort Greene,2019-02-01 02:00:00,4.749362244178783
97,Fort Greene,2019-02-01 03:00:00,2.8616896658154682
97,Fort Greene,2019-02-01 04:00:00,2.506797865944053
97,Fort Greene,2019-02-01 05:00:00,5.250883100353249
97,Fort Greene,2019-02-01 06:00:00,11.14495992577518
97,Fort Greene,2019-02-01 07:00:00,19.714879640400348
97,Fort Greene,2019-02-01 08:00:00,25.827464486717172
97,Fort Greene,2019-02-01 09:00:00,30.434556527942647
97,Fort Greene,2019-02-01 10:00:00,26.884527792522974
97,Fort Greene,2019-02-01 11:00:00,25.02756596273052
97,Fort Greene,2019-02-01 12:00:00,28.497460979784023
97,Fort Greene,2019-02-01 13:00:00,27.27558737366575
97,Fort Greene,2019-02-01 14:00:00,42.86930054556004
97,Fort Greene,2019-02-01 15:00:00,46.322028143748504
97,Fort Greene,2019-02-01 16:00:00,51.35149434232551
97,Fort Greene,2019-02-01 17:00:00,60.41662005200712
97,Fort Greene,2019-02-01 18:00:00,67.60001756884822
97,Fort Greene,2019-02-01 19:00:00,69.44225214378318
97,Fort Greene,2019-02-01 20:00:00,58.521711050288545
97,Fort Greene,2019-02-01 21:00:00,64.42403702615329
97,Fort Greene,2019-02-01 22:00:00,58.453674934876666
97,Fort Greene,2019-02-01 23:00:00,55.54440097724887
106,Gowanus,2019-02-01 00:00:00,2.4503254318448144
106,Gowanus,2019-02-01 01:00:00,1.0153000306675906
106,Gowanus,2019-02-01 02:00:00,0.12163119799766667
106,Gowanus,2019-02-01 03:00:00,0.26688925027311433
106,Gowanus,2019-02-01 04:00:00,0.11574529033114445
106,Gowanus,2019-02-01 05:00:00,0.14433257564193888
106,Gowanus,2019-02-01 06:00:00,0.7166744351894601
106,Gowanus,2019-02-01 07:00:00,1.7758926713587782
106,Gowanus,2019-02-01 08:00:00,2.0700820776457283
106,Gowanus,2019-02-01 09:00:00,2.6003054707529545
106,Gowanus,2019-02-01 10:00:00,2.5975675385905745
106,Gowanus,2019-02-01 11:00:00,2.080514319543635
106,Gowanus,2019-02-01 12:00:00,2.681151403454418
106,Gowanus,2019-02-01 13:00:00,2.3497016025598048
106,Gowanus,2019-02-01 14:00:00,4.057011205989426
106,Gowanus,2019-02-01 15:00:00,3.73786256908529
106,Gowanus,2019-02-01 16:00:00,3.208525380768448
106,Gowanus,2019-02-01 17:00:00,3.1462208063987998
106,Gowanus,2019-02-01 18:00:00,2.1036560985425012
106,Gowanus,2019-02-01 19:00:00,3.0788725750544925
106,Gowanus,2019-02-01 20:00:00,4.548034331966118
106,Gowanus,2019-02-01 21:00:00,4.876900274307599
106,Gowanus,2019-02-01 22:00:00,5.962270345637023
106,Gowanus,2019-02-01 23:00:00,6.6924740603212705
108,Gravesend,2019-02-01 00:00:00,0.24677257011271134
108,Gravesend,2019-02-01 01:00:00,0.05383747129654688
108,Gravesend,2019-02-01 02:00:00,0.050605029481763056
108,Gravesend,2019-02-01 03:00:00,0.05109776716356959
108,Gravesend,2019-02-01 04:00:00,0.3921799891556768
108,Gravesend,2019-02-01 05:00:00,0.2673227415925105
108,Gravesend,2019-02-01 06:00:00,2.290794966638349
108,Gravesend,2019-02-01 07:00:00,2.859497326200159
108,Gravesend,2019-02-01 08:00:00,2.4362663865353014
108,Gravesend,2019-02-01 09:00:00,4.071506577719059
108,Gravesend,2019-02-01 10:00:00,2.7463073956807467
108,Gravesend,2019-02-01 11:00:00,3.2508662126703056
108,Gravesend,2019-02-01 12:00:00,3.3796386073541336
108,Gravesend,2019-02-01 13:00:00,3.896668038160607
108,Gravesend,2019-02-01 14:00:00,2.825311956685754
108,Gravesend,2019-02-01 15:00:00,1.9461260962482054
108,Gravesend,2019-02-01 16:00:00,3.285462386629878
108,Gravesend,2019-02-01 17:00:00,1.4526150785586933
108,Gravesend,2019-02-01 18:00:00,3.3272174871892277
108,Gravesend,2019-02-01 19:00:00,1.2527188691756237
108,Gravesend,2019-02-01 20:00:00,0.6246163480429309
108,Gravesend,2019-02-01 21:00:00,0.5101382916040107
108,Gravesend,2019-02-01 22:00:00,0.38714760937992576
108,Gravesend,2019-02-01 23:00:00,0.41399593873676155
111,Green-Wood Cemetery,2019-02-01 00:00:00,0.1933347315448657
111,Green-Wood Cemetery,2019-02-01 01:00:00,0.021105706698601845
111,Green-Wood Cemetery,2019-02-01 02:00:00,0.02087957072257826
111,Green-Wood Cemetery,2019-02-01 03:00:00,0.021094698678165436
111,Green-Wood Cemetery,2019-02-01 04:00:00,0.021094698678165436
111,Green-Wood Cemetery,2019-02-01 05:00:00,0.02445425475226912
111,Green-Wood Cemetery,2019-02-01 06:00:00,0.0248102831851641
111,Green-Wood Cemetery,2019-02-01 07:00:00,0.028242265648090865
111,Green-Wood Cemetery,2019-02-01 08:00:00,0.02973293376332985
111,Green-Wood Cemetery,2019-02-01 09:00:00,0.028801302640879208
111,Green-Wood Cemetery,2019-02-01 10:00:00,0.028306740367428036
111,Green-Wood Cemetery,2019-02-01 11:00:00,0.02829529739870748
111,Green-Wood Cemetery,2019-02-01 12:00:00,0.02829529739870748
111,Green-Wood Cemetery,2019-02-01 13:00:00,0.02829529739870748
111,Green-Wood Cemetery,2019-02-01 14:00:00,0.03075667466481834
111,Green-Wood Cemetery,2019-02-01 15:00:00,0.03075667466481834
111,Green-Wood Cemetery,2019-02-01 16:00:00,0.17909315900615896
111,Green-Wood Cemetery,2019-02-01 17:00:00,0.02875537170658198
111,Green-Wood Cemetery,2019-02-01 18:00:00,0.02867215775635928
111,Green-Wood Cemetery,2019-02-01 19:00:00,0.029136129574725774
111,Green-Wood Cemetery,2019-02-01 20:00:00,0.02781733507244858
111,Green-Wood Cemetery,2019-02-01 21:00:00,0.02781733507244858
111,Green-Wood Cemetery,2019-02-01 22:00:00,0.027412387472716373
111,Green-Wood Cemetery,2019-02-01 23:00:00,0.025671498860907496
112,Greenpoint,2019-02-01 00:00:00,14.318494248699059
112,Greenpoint,2019-02-01 01:00:00,7.455099787198932
112,Greenpoint,2019-02-01 02:00:00,5.387973739059589
112,Greenpoint,2019-02-01 03:00:00,4.336331164870897
112,Greenpoint,2019-02-01 04:00:00,3.3457078164716223
112,Greenpoint,2019-02-01 05:00:00,0.96041601698134
112,Greenpoint,2019-02-01 06:00:00,0.9701970286460619
112,Greenpoint,2019-02-01 07:00:00,2.9107852541599444
112,Greenpoint,2019-02-01 08:00:00,5.244121554062133
112,Greenpoint,2019-02-01 09:00:00,4.421808936734802
112,Greenpoint,2019-02-01 10:00:00,3.7954021096210973
112,Greenpoint,2019-02-01 11:00:00,4.591410792868686
112,Greenpoint,2019-02-01 12:00:00,3.786251342058054
112,Greenpoint,2019-02-01 13:00:00,3.0375588196481136
112,Greenpoint,2019-02-01 14:00:00,3.986665639179906
112,Greenpoint,2019-02-01 15:00:00,3.17122988697463
112,Greenpoint,2019-02-01 16:00:00,4.440038888314625
112,Greenpoint,2019-02-01 17:00:00,7.787926624907101
112,Greenpoint,2019-02-01 18:00:00,10.057563160002516
112,Greenpoint,2019-02-01 19:00:00,12.874920005319206
112,Greenpoint,2019-02-01 20:00:00,13.277771343657239
112,Greenpoint,2019-02-01 21:00:00,15.94937531159338
112,Greenpoint,2019-02-01 22:00:00,24.720962132441027
112,Greenpoint,2019-02-01 23:00:00,25.497651722232348
123,Homecrest,2019-02-01 00:00:00,0.08110803808508708
123,Homecrest,2019-02-01 01:00:00,0.06991096783398552
123,Homecrest,2019-02-01 02:00:00,0.06571346133346988
123,Homecrest,2019-02-01 03:00:00,0.06872501699460556
123,Homecrest,2019-02-01 04:00:00,0.13107532121568927
123,Homecrest,2019-02-01 05:00:00,0.11952911339659156
123,Homecrest,2019-02-01 06:00:00,1.4748242203504665
123,Homecrest,2019-02-01 07:00:00,1.923391844879192
123,Homecrest,2019-02-01 08:00:00,3.388630853827685
123,Homecrest,2019-02-01 09:00:00,4.91914847748494
123,Homecrest,2019-02-01 10:00:00,2.997910068393322
123,Homecrest,2019-02-01 11:00:00,4.16017121531151
123,Homecrest,2019-02-01 12:00:00,3.5822161564205164
123,Homecrest,2019-02-01 13:00:00,4.950076353695861
123,Homecrest,2019-02-01 14:00:00,7.313494519088625
123,Homecrest,2019-02-01 15:00:00,5.460566647210343
123,Homecrest,2019-02-01 16:00:00,3.697623676075786
123,Homecrest,2019-02-01 17:00:00,2.9551114512185515
123,Homecrest,2019-02-01 18:00:00,1.731618468927583
123,Homecrest,2019-02-01 19:00:00,0.7033908047930565
123,Homecrest,2019-02-01 20:00:00,1.0676754507714736
123,Homecrest,2019-02-01 21:00:00,1.0310707901751297
123,Homecrest,2019-02-01 22:00:00,0.14276724570320895
123,Homecrest,2019-02-01 23:00:00,0.12460592391338302
133,Kensington,2019-02-01 00:00:00,0.1319672903006506
133,Kensington,2019-02-01 01:00:00,0.3629031937898117
133,Kensington,2019-02-01 02:00:00,0.5091264392544872
133,Kensington,2019-02-01 03:00:00,0.2078880699310386
133,Kensington,2019-02-01 04:00:00,0.252747625549723
133,Kensington,2019-02-01 05:00:00,0.11820232056489935
133,Kensington,2019-02-01 06:00:00,1.7448772940355828
133,Kensington,2019-02-01 07:00:00,2.6283573681808967
133,Kensington,2019-02-01 08:00:00,3.602267900845258
133,Kensington,2019-02-01 09:00:00,2.6286983963693746
133,Kensington,2019-02-01 10:00:00,3.637810652984605
133,Kensington,2019-02-01 11:00:00,3.8343456030593224
133,Kensington,2019-02-01 12:00:00,2.750618823692184
133,Kensington,2019-02-01 13:00:00,2.231809880130667
133,Kensington,2019-02-01 14:00:00,3.550020108997481
133,Kensington,2019-02-01 15:00:00,1.8023872605143305
133,Kensington,2019-02-01 16:00:00,2.4615285675901513
133,Kensington,2019-02-01 17:00:00,1.5768534378566947
133,Kensington,2019-02-01 18:00:00,1.9214548059207457
133,Kensington,2019-02-01 19:00:00,0.9433935958308911
133,Kensington,2019-02-01 20:00:00,0.8350952790752011
133,Kensington,2019-02-01 21:00:00,0.6850952790752012
133,Kensington,2019-02-01 22:00:00,1.2454415339041038
133,Kensington,2019-02-01 23:00:00,0.9859001053631731
149,Madison,2019-02-01 00:00:00,0.3286626407289097
149,Madison,2019-02-01 01:00:00,0.2545738403804342
149,Madison,2019-02-01 02:00:00,0.11280218514018772
149,Madison,2019-02-01 03:00:00,0.06097889182581612
149,Madison,2019-02-01 04:00:00,0.21258326486292894
149,Madison,2019-02-01 05:00:00,0.8002474453481673
149,Madison,2019-02-01 06:00:00,3.692768829644505
149,Madison,2019-02-01 07:00:00,0.586999197291973
149,Madison,2019-02-01 08:00:00,1.9774155179184856
149,Madison,2019-02-01 09:00:00,3.3969254493162424
149,Madison,2019-02-01 10:00:00,3.6429092027981564
149,Madison,2019-02-01 11:00:00,4.765936950570796
149,Madison,2019-02-01 12:00:00,3.2968083973133213
149,Madison,2019-02-01 13:00:00,2.599288006110771
149,Madison,2019-02-01 14:00:00,3.3103051371550025
149,Madison,2019-02-01 15:00:00,3.1383157229561602
149,Madison,2019-02-01 16:00:00,2.1900732403536303
149,Madison,2019-02-01 17:00:00,2.158200335309483
149,Madison,2019-02-01 18:00:00,2.2170378592584488
149,Madison,2019-02-01 19:00:00,1.8542173319809239
149,Madison,2019-02-01 20:00:00,1.024720163051992
149,Madison,2019-02-01 21:00:00,0.65301852340648
149,Madison,2019-02-01 22:00:00,0.8902027845873524
149,Madison,2019-02-01 23:00:00,0.26859906027449254
150,Manhattan Beach,2019-02-01 00:00:00,0.045174171866136585
150,Manhattan Beach,2019-02-01 01:00:00,0.1915826126864118
150,Manhattan Beach,2019-02-01 02:00:00,0.18941407135990848
150,Manhattan Beach,2019-02-01 03:00:00,0.042287533092657155
150,Manhattan Beach,2019-02-01 04:00:00,0.043400130843591546
150,Manhattan Beach,2019-02-01 05:00:00,1.0255451789947547
150,Manhattan Beach,2019-02-01 06:00:00,1.6042669717751816
150,Manhattan Beach,2019-02-01 07:00:00,1.1477228096690546
150,Manhattan Beach,2019-02-01 08:00:00,0.7840426217882712
150,Manhattan Beach,2019-02-01 09:00:00,1.966896214506795
150,Manhattan Beach,2019-02-01 10:00:00,0.9021956104524558
150,Manhattan Beach,2019-02-01 11:00:00,1.0134401036606506
150,Manhattan Beach,2019-02-01 12:00:00,1.5166886364818435
150,Manhattan Beach,2019-02-01 13:00:00,1.2470769623842566
150,Manhattan Beach,2019-02-01 14:00:00,1.533926075445632
150,Manhattan Beach,2019-02-01 15:00:00,1.206113868655702
150,Manhattan Beach,2019-02-01 16:00:00,2.501490524267731
150,Manhattan Beach,2019-02-01 17:00:00,1.2116389406725783
150,Manhattan Beach,2019-02-01 18:00:00,1.0052837128387577
150,Manhattan Beach,2019-02-01 19:00:00,1.1591317612881784
150,Manhattan Beach,2019-02-01 20:00:00,0.1494124739846926
150,Manhattan Beach,2019-02-01 21:00:00,0.37155818905278726
150,Manhattan Beach,2019-02-01 22:00:00,0.29547654460863076
150,Manhattan Beach,2019-02-01 23:00:00,0.2253457949915495
154,Marine Park/Floyd Bennett Field,2019-02-01 00:00:00,0.026666490429792973
154,Marine Park/Floyd Bennett Field,2019-02-01 01:00:00,0.02623614230989514
154,Marine Park/Floyd Bennett Field,2019-02-01 02:00:00,0.025921350390091608
154,Marine Park/Floyd Bennett Field,2019-02-01 03:00:00,0.025477838712635717
154,Marine Park/Floyd Bennett Field,2019-02-01 04:00:00,0.025477838712635717
154,Marine Park/Floyd Bennett Field,2019-02-01 05:00:00,0.037812934183693914
154,Marine Park/Floyd Bennett Field,2019-02-01 06:00:00,0.48873959045376536
154,Marine Park/Floyd Bennett Field,2019-02-01 07:00:00,0.04514923284739806
154,Marine Park/Floyd Bennett Field,2019-02-01 08:00:00,0.07947789926796016
154,Marine Park/Floyd Bennett Field,2019-02-01 09:00:00,0.04780080975005142
154,Marine Park/Floyd Bennett Field,2019-02-01 10:00:00,0.1958865542548933
154,Marine Park/Floyd Bennett Field,2019-02-01 11:00:00,0.19546103068810222
154,Marine Park/Floyd Bennett Field,2019-02-01 12:00:00,0.19546103068810222
154,Marine Park/Floyd Bennett Field,2019-02-01 13:00:00,0.04546103068810222
154,Marine Park/Floyd Bennett Field,2019-02-01 14:00:00,0.07972521685105023
154,Marine Park/Floyd Bennett Field,2019-02-01 15:00:00,0.04985801269902706
154,Marine Park/Floyd Bennett Field,2019-02-01 16:00:00,0.42126664318439705
154,Marine Park/Floyd Bennett Field,2019-02-01 17:00:00,0.07703947285417903
154,Marine Park/Floyd Bennett Field,2019-02-01 18:00:00,0.04452699555850672
154,Marine Park/Floyd Bennett Field,2019-02-01 19:00:00,0.2388698768460632
154,Marine Park/Floyd Bennett Field,2019-02-01 20:00:00,0.03923820518436193
154,Marine Park/Floyd Bennett Field,2019-02-01 21:00:00,0.03923820518436193
154,Marine Park/Floyd Bennett Field,2019-02-01 22:00:00,0.03745717450921727
154,Marine Park/Floyd Bennett Field,2019-02-01 23:00:00,0.21868521752252806
155,Marine Park/Mill Basin,2019-02-01 00:00:00,0.08254605491559824
155,Marine Park/Mill Basin,2019-02-01 01:00:00,0.26762198918715474
155,Marine Park/Mill Basin,2019-02-01 02:00:00,0.06687853776263392
155,Marine Park/Mill Basin,2019-02-01 03:00:00,0.06994348724057221
155,Marine Park/Mill Basin,2019-02-01 04:00:00,0.07128422732966616
155,Marine Park/Mill Basin,2019-02-01 05:00:00,1.2667090466419022
155,Marine Park/Mill Basin,2019-02-01 06:00:00,2.300751532526446
155,Marine Park/Mill Basin,2019-02-01 07:00:00,3.9432944639714393
155,Marine Park/Mill Basin,2019-02-01 08:00:00,6.89258143500243
155,Marine Park/Mill Basin,2019-02-01 09:00:00,5.113957475075884
155,Marine Park/Mill Basin,2019-02-01 10:00:00,5.768248649597849
155,Marine Park/Mill Basin,2019-02-01 11:00:00,3.0435816170509016
155,Marine Park/Mill Basin,2019-02-01 12:00:00,3.3135392591914283
155,Marine Park/Mill Basin,2019-02-01 13:00:00,3.736392139933766
155,Marine Park/Mill Basin,2019-02-01 14:00:00,4.21292812520902
155,Marine Park/Mill Basin,2019-02-01 15:00:00,5.2268050009676
155,Marine Park/Mill Basin,2019-02-01 16:00:00,3.384793661970039
155,Marine Park/Mill Basin,2019-02-01 17:00:00,3.361278387000139
155,Marine Park/Mill Basin,2019-02-01 18:00:00,1.7868527426027176
155,Marine Park/Mill Basin,2019-02-01 19:00:00,2.2663169894734994
155,Marine Park/Mill Basin,2019-02-01 20:00:00,0.6390064169154643
155,Marine Park/Mill Basin,2019-02-01 21:00:00,0.38571723031889094
155,Marine Park/Mill Basin,2019-02-01 22:00:00,0.2923289145526148
155,Marine Park/Mill Basin,2019-02-01 23:00:00,0.5768151428761308
165,Midwood,2019-02-01 00:00:00,0.11776619650158622
165,Midwood,2019-02-01 01:00:00,0.4119144794869095
165,Midwood,2019-02-01 02:00:00,0.19550188426260287
165,Midwood,2019-02-01 03:00:00,0.10401350412349926
165,Midwood,2019-02-01 04:00:00,0.256124487981425
165,Midwood,2019-02-01 05:00:00,0.5928860455982385
165,Midwood,2019-02-01 06:00:00,1.4603367402415726
165,Midwood,2019-02-01 07:00:00,4.460926068263494
165,Midwood,2019-02-01 08:00:00,6.613872465890288
165,Midwood,2019-02-01 09:00:00,7.785239071223329
165,Midwood,2019-02-01 10:00:00,6.758828135257071
165,Midwood,2019-02-01 11:00:00,6.335350490259518
165,Midwood,2019-02-01 12:00:00,6.700600198584287
165,Midwood,2019-02-01 13:00:00,6.238358828138246
165,Midwood,2019-02-01 14:00:00,5.818076336137196
165,Midwood,2019-02-01 15:00:00,5.193894489946926
165,Midwood,2019-02-01 16:00:00,2.970027036316864
165,Midwood,2019-02-01 17:00:00,2.3531028807519214
165,Midwood,2019-02-01 18:00:00,1.1238458817964485
165,Midwood,2019-02-01 19:00:00,1.373974699289847
165,Midwood,2019-02-01 20:00:00,0.805415354562814
165,Midwood,2019-02-01 21:00:00,0.841231211484909
165,Midwood,2019-02-01 22:00:00,0.46027527362989096
165,Midwood,2019-02-01 23:00:00,0.1567677145281023
177,Ocean Hill,2019-02-01 00:00:00,0.7784818471747216
177,Ocean Hill,2019-02-01 01:00:00,0.5640511590770383
177,Ocean Hill,2019-02-01 02:00:00,0.4558039824104414
177,Ocean Hill,2019-02-01 03:00:00,0.20511441762451188
177,Ocean Hill,2019-02-01 04:00:00,0.8182988788125578
177,Ocean Hill,2019-02-01 05:00:00,2.137952751554507
177,Ocean Hill,2019-02-01 06:00:00,1.801731592948224
177,Ocean Hill,2019-02-01 07:00:00,3.611807229603849
177,Ocean Hill,2019-02-01 08:00:00,6.5706704449111015
177,Ocean Hill,2019-02-01 09:00:00,7.290271621961253
177,Ocean Hill,2019-02-01 10:00:00,3.255574044186033
177,Ocean Hill,2019-02-01 11:00:00,4.500079997095289
177,Ocean Hill,2019-02-01 12:00:00,3.61777963433221
177,Ocean Hill,2019-02-01 13:00:00,4.901095010620964
177,Ocean Hill,2019-02-01 14:00:00,5.022429407681944
177,Ocean Hill,2019-02-01 15:00:00,2.4972818809753585
177,Ocean Hill,2019-02-01 16:00:00,3.6553461548739383
177,Ocean Hill,2019-02-01 17:00:00,3.8826034021940163
177,Ocean Hill,2019-02-01 18:00:00,3.9428269807952168
177,Ocean Hill,2019-02-01 19:00:00,2.607447334967592
177,Ocean Hill,2019-02-01 20:00:00,3.384086142479742
177,Ocean Hill,2019-02-01 21:00:00,2.8832862808416486
177,Ocean Hill,2019-02-01 22:00:00,2.5269193790178184
177,Ocean Hill,2019-02-01 23:00:00,1.085009077633542
178,Ocean Parkway South,2019-02-01 00:00:00,0.04067074005308627
178,Ocean Parkway South,2019-02-01 01:00:00,0.1884314191675479
178,Ocean Parkway South,2019-02-01 02:00:00,0.659759863108428
178,Ocean Parkway South,2019-02-01 03:00:00,0.18930051780311
178,Ocean Parkway South,2019-02-01 04:00:00,0.04005305822190086
178,Ocean Parkway South,2019-02-01 05:00:00,0.15269710720609775
178,Ocean Parkway South,2019-02-01 06:00:00,0.19067039515401163
178,Ocean Parkway South,2019-02-01 07:00:00,0.3099014557947219
178,Ocean Parkway South,2019-02-01 08:00:00,2.418805996094027
178,Ocean Parkway South,2019-02-01 09:00:00,1.5367456094811085
178,Ocean Parkway South,2019-02-01 10:00:00,2.8155892976725614
178,Ocean Parkway South,2019-02-01 11:00:00,0.9102686807432541
178,Ocean Parkway South,2019-02-01 12:00:00,2.120760123483058
178,Ocean Parkway South,2019-02-01 13:00:00,2.752175587133502
178,Ocean Parkway South,2019-02-01 14:00:00,1.1579958542694717
178,Ocean Parkway South,2019-02-01 15:00:00,1.9648542447583042
178,Ocean Parkway South,2019-02-01 16:00:00,0.6970252345826846
178,Ocean Parkway South,2019-02-01 17:00:00,0.5482852862879455
178,Ocean Parkway South,2019-02-01 18:00:00,0.36703828071871075
178,Ocean Parkway South,2019-02-01 19:00:00,0.2064033722730542
178,Ocean Parkway South,2019-02-01 20:00:00,0.15324833559653672
178,Ocean Parkway South,2019-02-01 21:00:00,0.1282702035418419
178,Ocean Parkway South,2019-02-01 22:00:00,0.27288003682226625
178,Ocean Parkway South,2019-02-01 23:00:00,0.09214587929566863
181,Park Slope,2019-02-01 00:00:00,30.699689629024103
181,Park Slope,2019-02-01 01:00:00,11.437302271895998
181,Park Slope,2019-02-01 02:00:00,7.111932295829668
181,Park Slope,2019-02-01 03:00:00,3.257070367889968
181,Park Slope,2019-02-01 04:00:00,2.1118660183510407
181,Park Slope,2019-02-01 05:00:00,1.5738451871252828
181,Park Slope,2019-02-01 06:00:00,6.089524793953071
181,Park Slope,2019-02-01 07:00:00,13.181691392821563
181,Park Slope,2019-02-01 08:00:00,21.92447904901518
181,Park Slope,2019-02-01 09:00:00,18.900579667361438
181,Park Slope,2019-02-01 10:00:00,25.280671736771673
181,Park Slope,2019-02-01 11:00:00,24.176544808217592
181,Park Slope,2019-02-01 12:00:00,23.401726308426205
181,Park Slope,2019-02-01 13:00:00,24.70223944919818
181,Park Slope,2019-02-01 14:00:00,32.242430785178655
181,Park Slope,2019-02-01 15:00:00,35.771329819354726
181,Park Slope,2019-02-01 16:00:00,37.31167609342646
181,Park Slope,2019-02-01 17:00:00,42.37399602678816
181,Park Slope,2019-02-01 18:00:00,57.10742682212315
181,Park Slope,2019-02-01 19:00:00,50.01934963615859
181,Park Slope,2019-02-01 20:00:00,55.98890442621438
181,Park Slope,2019-02-01 21:00:00,56.90826104463834
181,Park Slope,2019-02-01 22:00:00,64.35207506610334
181,Park Slope,2019-02-01 23:00:00,45.204807482323254
188,Prospect-Lefferts Gardens,2019-02-01 00:00:00,2.010215699495853
188,Prospect-Lefferts Gardens,2019-02-01 01:00:00,1.1925837600359102
188,Prospect-Lefferts Gardens,2019-02-01 02:00:00,1.6857341192060322
188,Prospect-Lefferts Gardens,2019-02-01 03:00:00,0.716573873680411
188,Prospect-Lefferts Gardens,2019-02-01 04:00:00,1.6173484600202026
188,Prospect-Lefferts Gardens,2019-02-01 05:00:00,2.7383689894166423
188,Prospect-Lefferts Gardens,2019-02-01 06:00:00,4.58910709927535
188,Prospect-Lefferts Gardens,2019-02-01 07:00:00,10.844307078120588
188,Prospect-Lefferts Gardens,2019-02-01 08:00:00,10.604712248839602
188,Prospect-Lefferts Gardens,2019-02-01 09:00:00,12.517376179354827
188,Prospect-Lefferts Gardens,2019-02-01 10:00:00,9.684611594836415
188,Prospect-Lefferts Gardens,2019-02-01 11:00:00,9.494247011594119
188,Prospect-Lefferts Gardens,2019-02-01 12:00:00,9.526158228192205
188,Prospect-Lefferts Gardens,2019-02-01 13:00:00,10.114028278384641
188,Prospect-Lefferts Gardens,2019-02-01 14:00:00,13.640289884911818
188,Prospect-Lefferts Gardens,2019-02-01 15:00:00,12.075535210776437
188,Prospect-Lefferts Gardens,2019-02-01 16:00:00,10.357114198694216
188,Prospect-Lefferts Gardens,2019-02-01 17:00:00,10.39521858923207
188,Prospect-Lefferts Gardens,2019-02-01 18:00:00,8.10448102733352
188,Prospect-Lefferts Gardens,2019-02-01 19:00:00,8.88468683204102
188,Prospect-Lefferts Gardens,2019-02-01 20:00:00,7.412258722888257
188,Prospect-Lefferts Gardens,2019-02-01 21:00:00,5.563216813439264
188,Prospect-Lefferts Gardens,2019-02-01 22:00:00,3.8360988155506783
188,Prospect-Lefferts Gardens,2019-02-01 23:00:00,4.59848816654914
189,Prospect Heights,2019-02-01 00:00:00,5.465698283194602
189,Prospect Heights,2019-02-01 01:00:00,1.4235855675101277
189,Prospect Heights,2019-02-01 02:00:00,0.7070971495090066
189,Prospect Heights,2019-02-01 03:00:00,0.3092401146247829
189,Prospect Heights,2019-02-01 04:00:00,1.5643303952501313
189,Prospect Heights,2019-02-01 05:00:00,0.5733231853524847
189,Prospect Heights,2019-02-01 06:00:00,1.1122736471104948
189,Prospect Heights,2019-02-01 07:00:00,6.860146487980516
189,Prospect Heights,2019-02-01 08:00:00,5.588028961739825
189,Prospect Heights,2019-02-01 09:00:00,3.8402638153576714
189,Prospect Heights,2019-02-01 10:00:00,5.4124453960848475
189,Prospect Heights,2019-02-01 11:00:00,6.22260789067808
189,Prospect Heights,2019-02-01 12:00:00,5.616671685113239
189,Prospect Heights,2019-02-01 13:00:00,4.125618776067126
189,Prospect Heights,2019-02-01 14:00:00,5.12251743885856
189,Prospect Heights,2019-02-01 15:00:00,3.6881503565919136
189,Prospect Heights,2019-02-01 16:00:00,4.039008659948358
189,Prospect Heights,2019-02-01 17:00:00,3.341143107590261
189,Prospect Heights,2019-02-01 18:00:00,5.600157301975955
189,Prospect Heights,2019-02-01 19:00:00,6.944549243702849
189,Prospect Heights,2019-02-01 20:00:00,6.590188850816394
189,Prospect Heights,2019-02-01 21:00:00,8.492765490047596
189,Prospect Heights,2019-02-01 22:00:00,9.805502032017213
189,Prospect Heights,2019-02-01 23:00:00,10.051137680037321
190,Prospect Park,2019-02-01 00:00:00,0.23540174690348115
190,Prospect Park,2019-02-01 01:00:00,0.20881050168875473
190,Prospect Park,2019-02-01 02:00:00,0.21349826586507262
190,Prospect Park,2019-02-01 03:00:00,0.1951151966013809
190,Prospect Park,2019-02-01 04:00:00,0.19597907857653257
190,Prospect Park,2019-02-01 05:00:00,0.30068980575981774
190,Prospect Park,2019-02-01 06:00:00,1.2241108004482752
190,Prospect Park,2019-02-01 07:00:00,1.0805022711401437
190,Prospect Park,2019-02-01 08:00:00,0.4140915423666431
190,Prospect Park,2019-02-01 09:00:00,0.9927022183082594
190,Prospect Park,2019-02-01 10:00:00,0.557199204801515
190,Prospect Park,2019-02-01 11:00:00,0.7067070836394975
190,Prospect Park,2019-02-01 12:00:00,0.25670708363949757
190,Prospect Park,2019-02-01 13:00:00,0.5567070836394976
190,Prospect Park,2019-02-01 14:00:00,0.558797260877582
190,Prospect Park,2019-02-01 15:00:00,0.7673982011814562
190,Prospect Park,2019-02-01 16:00:00,1.1214994772518128
190,Prospect Park,2019-02-01 17:00:00,0.9644717625467718
190,Prospect Park,2019-02-01 18:00:00,1.2699614178161704
190,Prospect Park,2019-02-01 19:00:00,1.176276299211845
190,Prospect Park,2019-02-01 20:00:00,0.9765774967202646
190,Prospect Park,2019-02-01 21:00:00,0.5349441309894141
190,Prospect Park,2019-02-01 22:00:00,0.2934756101839117
190,Prospect Park,2019-02-01 23:00:00,0.24417793965502863
195,Red Hook,2019-02-01 00:00:00,0.11037628203204866
195,Red Hook,2019-02-01 01:00:00,0.08411295944564895
195,Red Hook,2019-02-01 02:00:00,0.07906275480695583
195,Red Hook,2019-02-01 03:00:00,0.07499121426903954
195,Red Hook,2019-02-01 04:00:00,0.07696425573619625
195,Red Hook,2019-02-01 05:00:00,0.2694208495950632
195,Red Hook,2019-02-01 06:00:00,0.6596880677125763
195,Red Hook,2019-02-01 07:00:00,1.5120800045973635
195,Red Hook,2019-02-01 08:00:00,1.9390753561986618
195,Red Hook,2019-02-01 09:00:00,2.2791930160150775
195,Red Hook,2019-02-01 10:00:00,1.2330798797652898
195,Red Hook,2019-02-01 11:00:00,1.3810494391831725
195,Red Hook,2019-02-01 12:00:00,2.3728513674643925
195,Red Hook,2019-02-01 13:00:00,1.7913715028812331
195,Red Hook,2019-02-01 14:00:00,2.3077391139215893
195,Red Hook,2019-02-01 15:00:00,1.706985758852646
195,Red Hook,2019-02-01 16:00:00,3.8157503944517686
195,Red Hook,2019-02-01 17:00:00,2.078461964740414
195,Red Hook,2019-02-01 18:00:00,1.6171678329239834
195,Red Hook,2019-02-01 19:00:00,1.767093766634818
195,Red Hook,2019-02-01 20:00:00,2.9245426239778545
195,Red Hook,2019-02-01 21:00:00,2.026523654088334
195,Red Hook,2019-02-01 22:00:00,1.1167090471193422
195,Red Hook,2019-02-01 23:00:00,0.5453337707596222
210,Sheepshead Bay,2019-02-01 00:00:00,2.3255149882131345
210,Sheepshead Bay,2019-02-01 01:00:00,1.4164617838699165
210,Sheepshead Bay,2019-02-01 02:00:00,0.32367535625084876
210,Sheepshead Bay,2019-02-01 03:00:00,0.32188834333834515
210,Sheepshead Bay,2019-02-01 04:00:00,0.2697293809709077
210,Sheepshead Bay,2019-02-01 05:00:00,0.6331031965208667
210,Sheepshead Bay,2019-02-01 06:00:00,4.712990356319311
210,Sheepshead Bay,2019-02-01 07:00:00,3.855660001609195
210,Sheepshead Bay,2019-02-01 08:00:00,10.31485434310991
210,Sheepshead Bay,2019-02-01 09:00:00,8.17223200320114
210,Sheepshead Bay,2019-02-01 10:00:00,5.790155564241724
210,Sheepshead Bay,2019-02-01 11:00:00,6.4135124710175395
210,Sheepshead Bay,2019-02-01 12:00:00,5.4796868221699135
210,Sheepshead Bay,2019-02-01 13:00:00,5.486363809830932
210,Sheepshead Bay,2019-02-01 14:00:00,8.519851436316996
210,Sheepshead Bay,2019-02-01 15:00:00,8.377793763269851
210,Sheepshead Bay,2019-02-01 16:00:00,6.99165797802199
210,Sheepshead Bay,2019-02-01 17:00:00,10.710989139382093
210,Sheepshead Bay,2019-02-01 18:00:00,9.133220145331475
210,Sheepshead Bay,2019-02-01 19:00:00,6.772105980248696
210,Sheepshead Bay,2019-02-01 20:00:00,7.151219281335612
210,Sheepshead Bay,2019-02-01 21:00:00,6.5210567178682215
210,Sheepshead Bay,2019-02-01 22:00:00,4.381546130329153
210,Sheepshead Bay,2019-02-01 23:00:00,4.331643663575825
217,South Williamsburg,2019-02-01 00:00:00,2.494200935076844
217,South Williamsburg,2019-02-01 01:00:00,0.3153331808670832
217,South Williamsburg,2019-02-01 02:00:00,0.6560136171308233
217,South Williamsburg,2019-02-01 03:00:00,0.5423449091894009
217,South Williamsburg,2019-02-01 04:00:00,0.9941246531345671
217,South Williamsburg,2019-02-01 05:00:00,0.2784263740067724
217,South Williamsburg,2019-02-01 06:00:00,1.182533824573964
217,South Williamsburg,2019-02-01 07:00:00,2.5350501827202905
217,South Williamsburg,2019-02-01 08:00:00,2.4530601796248366
217,South Williamsburg,2019-02-01 09:00:00,1.6289547929791528
217,South Williamsburg,2019-02-01 10:00:00,1.966653987261188
217,South Williamsburg,2019-02-01 11:00:00,1.2269758630475316
217,South Williamsburg,2019-02-01 12:00:00,2.709147007317714
217,South Williamsburg,2019-02-01 13:00:00,1.489095158438778
217,South Williamsburg,2019-02-01 14:00:00,3.37983880755187
217,South Williamsburg,2019-02-01 15:00:00,1.1150462638229923
217,South Williamsburg,2019-02-01 16:00:00,1.9812832335287096
217,South Williamsburg,2019-02-01 17:00:00,1.3960178449493301
217,South Williamsburg,2019-02-01 18:00:00,0.8031827144412157
217,South Williamsburg,2019-02-01 19:00:00,1.6831014585976747
217,South Williamsburg,2019-02-01 20:00:00,0.6870080118517656
217,South Williamsburg,2019-02-01 21:00:00,0.9587346917513461
217,South Williamsburg,2019-02-01 22:00:00,1.3067885533454486
217,South Williamsburg,2019-02-01 23:00:00,1.7540666402435305
222,Starrett City,2019-02-01 00:00:00,0.25896584246714993
222,Starrett City,2019-02-01 01:00:00,0.08272092557710732
222,Starrett City,2019-02-01 02:00:00,0.07775429968711664
222,Starrett City,2019-02-01 03:00:00,0.07951603553193459
222,Starrett City,2019-02-01 04:00:00,0.08104027089350292
222,Starrett City,2019-02-01 05:00:00,1.7868707984126475
222,Starrett City,2019-02-01 06:00:00,1.8968828333032022
222,Starrett City,2019-02-01 07:00:00,3.6314298728064633
222,Starrett City,2019-02-01 08:00:00,5.791160142958832
222,Starrett City,2019-02-01 09:00:00,6.190270886590733
222,Starrett City,2019-02-01 10:00:00,4.238473761481455
222,Starrett City,2019-02-01 11:00:00,3.514984308617228
222,Starrett City,2019-02-01 12:00:00,3.3135183139475215
222,Starrett City,2019-02-01 13:00:00,3.3508329477757073
222,Starrett City,2019-02-01 14:00:00,2.1427409286837387
222,Starrett City,2019-02-01 15:00:00,2.993299561238703
222,Starrett City,2019-02-01 16:00:00,3.424318325967368
222,Starrett City,2019-02-01 17:00:00,2.9880578329832517
222,Starrett City,2019-02-01 18:00:00,2.241322411318835
222,Starrett City,2019-02-01 19:00:00,1.1910095330330253
222,Starrett City,2019-02-01 20:00:00,0.38731125448979886
222,Starrett City,2019-02-01 21:00:00,1.313808231345757
222,Starrett City,2019-02-01 22:00:00,0.8445501005869899
222,Starrett City,2019-02-01 23:00:00,0.27960095843646715
225,Stuyvesant Heights,2019-02-01 00:00:00,0.7096598321104379
225,Stuyvesant Heights,2019-02-01 01:00:00,0.8356084686133436
225,Stuyvesant Heights,2019-02-01 02:00:00,0.35907566420256926
225,Stuyvesant Heights,2019-02-01 03:00:00,1.3173173482355138
225,Stuyvesant Heights,2019-02-01 04:00:00,2.3735701342376982
225,Stuyvesant Heights,2019-02-01 05:00:00,4.646605258668398
225,Stuyvesant Heights,2019-02-01 06:00:00,8.901081873942113
225,Stuyvesant Heights,2019-02-01 07:00:00,13.176342872640163
225,Stuyvesant Heights,2019-02-01 08:00:00,9.04631355612237
225,Stuyvesant Heights,2019-02-01 09:00:00,11.56591664834222
225,Stuyvesant Heights,2019-02-01 10:00:00,10.405547921065912
225,Stuyvesant Heights,2019-02-01 11:00:00,6.852303467803026
225,Stuyvesant Heights,2019-02-01 12:00:00,7.357317181874623
225,Stuyvesant Heights,2019-02-01 13:00:00,6.760110485113575
225,Stuyvesant Heights,2019-02-01 14:00:00,6.414622811549508
225,Stuyvesant Heights,2019-02-01 15:00:00,9.414589629478828
225,Stuyvesant Heights,2019-02-01 16:00:00,6.367265912262283
225,Stuyvesant Heights,2019-02-01 17:00:00,9.313155095260864
225,Stuyvesant Heights,2019-02-01 18:00:00,6.837373530819124
225,Stuyvesant Heights,2019-02-01 19:00:00,5.63151431010516
225,Stuyvesant Heights,2019-02-01 20:00:00,6.480322435252317
225,Stuyvesant Heights,2019-02-01 21:00:00,7.60310427099529
225,Stuyvesant Heights,2019-02-01 22:00:00,7.003271238146107
225,Stuyvesant Heights,2019-02-01 23:00:00,5.318673746580681
227,Sunset Park East,2019-02-01 00:00:00,0.2172725903790979
227,Sunset Park East,2019-02-01 01:00:00,0.20724115909881236
227,Sunset Park East,2019-02-01 02:00:00,0.2340512251133069
227,Sunset Park East,2019-02-01 03:00:00,0.053111520168638106
227,Sunset Park East,2019-02-01 04:00:00,0.05450890028440073
227,Sunset Park East,2019-02-01 05:00:00,0.8965049939214098
227,Sunset Park East,2019-02-01 06:00:00,2.917080407150575
227,Sunset Park East,2019-02-01 07:00:00,3.1456571111605722
227,Sunset Park East,2019-02-01 08:00:00,1.6588119650450972
227,Sunset Park East,2019-02-01 09:00:00,3.753729488733918
227,Sunset Park East,2019-02-01 10:00:00,2.2389034511467143
227,Sunset Park East,2019-02-01 11:00:00,1.6593926110886477
227,Sunset Park East,2019-02-01 12:00:00,2.6998246152114636
227,Sunset Park East,2019-02-01 13:00:00,2.186927295504409
227,Sunset Park East,2019-02-01 14:00:00,2.1908806041230844
227,Sunset Park East,2019-02-01 15:00:00,3.5274646061604678
227,Sunset Park East,2019-02-01 16:00:00,2.0230037692727896
227,Sunset Park East,2019-02-01 17:00:00,1.1868262856045442
227,Sunset Park East,2019-02-01 18:00:00,1.683488040868424
227,Sunset Park East,2019-02-01 19:00:00,0.40998965392385545
227,Sunset Park East,2019-02-01 20:00:00,0.5051343697770772
227,Sunset Park East,2019-02-01 21:00:00,0.3508524890449678
227,Sunset Park East,2019-02-01 22:00:00,0.13243962982729354
227,Sunset Park East,2019-02-01 23:00:00,0.5263432388063751
228,Sunset Park West,2019-02-01 00:00:00,1.3374892515630978
228,Sunset Park West,2019-02-01 01:00:00,0.5844873247715641
228,Sunset Park West,2019-02-01 02:00:00,0.7283473336180601
228,Sunset Park West,2019-02-01 03:00:00,0.43125539271101865
228,Sunset Park West,2019-02-01 04:00:00,0.2839192585005
228,Sunset Park West,2019-02-01 05:00:00,1.3587012432107584
228,Sunset Park West,2019-02-01 06:00:00,1.1710539292542923
228,Sunset Park West,2019-02-01 07:00:00,2.3143730497568997
228,Sunset Park West,2019-02-01 08:00:00,4.457115628978768
228,Sunset Park West,2019-02-01 09:00:00,2.68124306733787
228,Sunset Park West,2019-02-01 10:00:00,4.433588215578838
228,Sunset Park West,2019-02-01 11:00:00,4.208764312869583
228,Sunset Park West,2019-02-01 12:00:00,3.538973155073464
228,Sunset Park West,2019-02-01 13:00:00,4.418187380187457
228,Sunset Park West,2019-02-01 14:00:00,5.645674257943908
228,Sunset Park West,2019-02-01 15:00:00,3.1486678815232603
228,Sunset Park West,2019-02-01 16:00:00,3.6535406316253964
228,Sunset Park West,2019-02-01 17:00:00,4.810517251410573
228,Sunset Park West,2019-02-01 18:00:00,3.631127934158401
228,Sunset Park West,2019-02-01 19:00:00,4.704874123687807
228,Sunset Park West,2019-02-01 20:00:00,2.5636718715978644
228,Sunset Park West,2019-02-01 21:00:00,1.2876084300194353
228,Sunset Park West,2019-02-01 22:00:00,1.93100559967582
228,Sunset Park West,2019-02-01 23:00:00,1.7171700361189326
255,Williamsburg (North Side),2019-02-01 00:00:00,29.33436109060259
255,Williamsburg (North Side),2019-02-01 01:00:00,27.508600501883276
255,Williamsburg (North Side),2019-02-01 02:00:00,10.6587024319719
255,Williamsburg (North Side),2019-02-01 03:00:00,7.273251504697935
255,Williamsburg (North Side),2019-02-01 04:00:00,4.119099515594167
255,Williamsburg (North Side),2019-02-01 05:00:00,1.8148315169136298
255,Williamsburg (North Side),2019-02-01 06:00:00,0.38303553917060296
255,Williamsburg (North Side),2019-02-01 07:00:00,1.7326460097269631
255,Williamsburg (North Side),2019-02-01 08:00:00,4.878219494099189
255,Williamsburg (North Side),2019-02-01 09:00:00,3.6867488443633025
255,Williamsburg (North Side),2019-02-01 10:00:00,3.980018953507656
255,Williamsburg (North Side),2019-02-01 11:00:00,3.655700136006332
255,Williamsburg (North Side),2019-02-01 12:00:00,3.779102849767777
255,Williamsburg (North Side),2019-02-01 13:00:00,3.5477064263682285
255,Williamsburg (North Side),2019-02-01 14:00:00,5.165801573424007
255,Williamsburg (North Side),2019-02-01 15:00:00,7.964262554932276
255,Williamsburg (North Side),2019-02-01 16:00:00,13.361882519575612
255,Williamsburg (North Side),2019-02-01 17:00:00,18.737950212129363
255,Williamsburg (North Side),2019-02-01 18:00:00,35.59398323003303
255,Williamsburg (North Side),2019-02-01 19:00:00,43.292934688313
255,Williamsburg (North Side),2019-02-01 20:00:00,46.72875848777461
255,Williamsburg (North Side),2019-02-01 21:00:00,53.536754217057734
255,Williamsburg (North Side),2019-02-01 22:00:00,56.46187602191325
255,Williamsburg (North Side),2019-02-01 23:00:00,76.33589949148552
256,Williamsburg (South Side),2019-02-01 00:00:00,17.429856375026677
256,Williamsburg (South Side),2019-02-01 01:00:00,11.06412716882051
256,Williamsburg (South Side),2019-02-01 02:00:00,10.981313600416906
256,Williamsburg (South Side),2019-02-01 03:00:00,7.619962409662898
256,Williamsburg (South Side),2019-02-01 04:00:00,4.452809665980652
256,Williamsburg (South Side),2019-02-01 05:00:00,1.647464810002071
256,Williamsburg (South Side),2019-02-01 06:00:00,1.7288044748977829
256,Williamsburg (South Side),2019-02-01 07:00:00,3.160456010217585
256,Williamsburg (South Side),2019-02-01 08:00:00,3.788650781297422
256,Williamsburg (South Side),2019-02-01 09:00:00,4.978022818153522
256,Williamsburg (South Side),2019-02-01 10:00:00,3.2868906451430897
256,Williamsburg (South Side),2019-02-01 11:00:00,4.093240896596809
256,Williamsburg (South Side),2019-02-01 12:00:00,2.3898286282838015
256,Williamsburg (South Side),2019-02-01 13:00:00,3.3959241657899724
256,Williamsburg (South Side),2019-02-01 14:00:00,4.531247556047985
256,Williamsburg (South Side),2019-02-01 15:00:00,4.4096996119155945
256,Williamsburg (South Side),2019-02-01 16:00:00,4.663783958759616
256,Williamsburg (South Side),2019-02-01 17:00:00,5.898758617856993
256,Williamsburg (South Side),2019-02-01 18:00:00,7.6102672509214795
256,Williamsburg (South Side),2019-02-01 19:00:00,11.658382280619046
256,Williamsburg (South Side),2019-02-01 20:00:00,10.686791836186996
256,Williamsburg (South Side),2019-02-01 21:00:00,17.115114226506297
256,Williamsburg (South Side),2019-02-01 22:00:00,26.763056951604163
256,Williamsburg (South Side),2019-02-01 23:00:00,45.850039377957074
257,Windsor Terrace,2019-02-01 00:00:00,0.30001299242132673
257,Windsor Terrace,2019-02-01 01:00:00,0.21082880223095643
257,Windsor Terrace,2019-02-01 02:00:00,0.05530112848599233
257,Windsor Terrace,2019-02-01 03:00:00,0.05458901743830609
257,Windsor Terrace,2019-02-01 04:00:00,0.056025270952893926
257,Windsor Terrace,2019-02-01 05:00:00,1.0212767136216014
257,Windsor Terrace,2019-02-01 06:00:00,1.0230687613594929
257,Windsor Terrace,2019-02-01 07:00:00,0.9189640708151283
257,Windsor Terrace,2019-02-01 08:00:00,3.174282696824282
257,Windsor Terrace,2019-02-01 09:00:00,2.8353786447474785
257,Windsor Terrace,2019-02-01 10:00:00,2.367870124425356
257,Windsor Terrace,2019-02-01 11:00:00,2.799700312359176
257,Windsor Terrace,2019-02-01 12:00:00,3.0527169710606636
257,Windsor Terrace,2019-02-01 13:00:00,2.9262807572379663
257,Windsor Terrace,2019-02-01 14:00:00,1.180518699166968
257,Windsor Terrace,2019-02-01 15:00:00,1.796278690336911
257,Windsor Terrace,2019-02-01 16:00:00,1.7495379124247186
257,Windsor Terrace,2019-02-01 17:00:00,1.2015838017826301
257,Windsor Terrace,2019-02-01 18:00:00,1.8378857782667466
257,Windsor Terrace,2019-02-01 19:00:00,1.5813723272761093
257,Windsor Terrace,2019-02-01 20:00:00,1.2552069503640348
257,Windsor Terrace,2019-02-01 21:00:00,0.9106426987062324
257,Windsor Terrace,2019-02-01 22:00:00,0.8774575432729864
257,Windsor Terrace,2019-02-01 23:00:00,1.1711299071491257
